sym,cond,h,win,n,mean,t,tf
EURUSD,asia_break_up,1,is,334,0.4936756815285963,1.556678369044745,15min
EURUSD,asia_break_up,1,oos,160,0.07827778703533309,0.20818778723300185,15min
EURUSD,asia_break_up,2,is,334,0.14543519539253766,0.3356476943983572,15min
EURUSD,asia_break_up,2,oos,160,0.3643471921346132,0.6432958942870879,15min
EURUSD,asia_break_up,4,is,334,0.026948235096358672,0.04499444868821141,15min
EURUSD,asia_break_up,4,oos,160,1.1962977003831057,1.3718688697474277,15min
EURUSD,asia_break_up,8,is,334,-0.7465526316040274,-0.8445652935790373,15min
EURUSD,asia_break_up,8,oos,160,1.0103354649223193,0.8617516302671842,15min
EURUSD,asia_break_up,12,is,334,-0.9028379294420099,-0.8155055349003987,15min
EURUSD,asia_break_up,12,oos,160,1.496628843109367,1.1614426239867401,15min
EURUSD,asia_break_up,24,is,334,-2.4836698708601483,-1.4430929975053524,15min
EURUSD,asia_break_up,24,oos,160,1.9865975983168713,1.0114513246515378,15min
EURUSD,asia_break_dn,1,is,296,-0.5752422259000163,-1.239656310526443,15min
EURUSD,asia_break_dn,1,oos,195,-0.09338887963104311,-0.2894275699693992,15min
EURUSD,asia_break_dn,2,is,296,-0.05538310044831072,-0.10369672929561931,15min
EURUSD,asia_break_dn,2,oos,195,-0.16084511555750944,-0.3718416146617343,15min
EURUSD,asia_break_dn,4,is,296,-0.18069863332912936,-0.244183632010477,15min
EURUSD,asia_break_dn,4,oos,195,-0.5669715303858035,-0.8747075625469467,15min
EURUSD,asia_break_dn,8,is,296,-0.07862699638807197,-0.09011453963183341,15min
EURUSD,asia_break_dn,8,oos,195,0.3141335418456133,0.32135171241803206,15min
EURUSD,asia_break_dn,12,is,296,-0.6529067107982354,-0.582478557737675,15min
EURUSD,asia_break_dn,12,oos,195,0.5086080097762681,0.4615279014993742,15min
EURUSD,asia_break_dn,24,is,296,0.7316865784034416,0.4225538123204639,15min
EURUSD,asia_break_dn,24,oos,195,0.2727434316503764,0.1631460766369821,15min
EURUSD,compress,1,is,8569,0.03483071537494285,1.0965633535535741,15min
EURUSD,compress,1,oos,4458,-0.02157640767065954,-0.5355459010738555,15min
EURUSD,compress,2,is,8569,0.0707117283341933,1.5342090025726571,15min
EURUSD,compress,2,oos,4458,-0.01007743774422839,-0.16659463240660288,15min
EURUSD,compress,4,is,8569,0.08904278214395349,1.3275612632519438,15min
EURUSD,compress,4,oos,4458,0.07419473941420021,0.8575292561781035,15min
EURUSD,compress,8,is,8569,0.18684971413037466,1.8741538087330687,15min
EURUSD,compress,8,oos,4458,0.07787219664075636,0.611023220886873,15min
EURUSD,compress,12,is,8569,0.35003183575385693,2.848481281851542,15min
EURUSD,compress,12,oos,4458,-0.06023452050653315,-0.3816790221417864,15min
EURUSD,compress,24,is,8569,0.6059803478993678,3.545174125633419,15min
EURUSD,compress,24,oos,4458,-0.7842327908710583,-3.9534685917379857,15min
EURUSD,expand_up,1,is,3671,-0.06571691981195403,-0.5752407972061583,15min
EURUSD,expand_up,1,oos,2024,-0.14570936711470556,-1.089675911745782,15min
EURUSD,expand_up,2,is,3671,-0.00891953834363317,-0.056721208733216996,15min
EURUSD,expand_up,2,oos,2024,-0.0866063651776099,-0.4924152641233334,15min
EURUSD,expand_up,4,is,3671,0.046108076676965794,0.22002773750295665,15min
EURUSD,expand_up,4,oos,2024,-0.030495777877611683,-0.13178375337528048,15min
EURUSD,expand_up,8,is,3671,0.14175306427736656,0.517178330437757,15min
EURUSD,expand_up,8,oos,2024,0.013203547926486332,0.04371560726325829,15min
EURUSD,expand_up,12,is,3671,0.37745525699897364,1.1800793177168063,15min
EURUSD,expand_up,12,oos,2024,-0.018409447404356852,-0.05328223012995091,15min
EURUSD,expand_up,24,is,3671,0.31614723423766183,0.7167063745575384,15min
EURUSD,expand_up,24,oos,2024,0.9351610864592131,1.885594337352695,15min
EURUSD,expand_dn,1,is,3644,-0.020691057003192473,-0.1795610123283231,15min
EURUSD,expand_dn,1,oos,2081,0.19633401000521938,1.7358732601742064,15min
EURUSD,expand_dn,2,is,3644,0.05126333056003905,0.335590750432248,15min
EURUSD,expand_dn,2,oos,2081,0.39550649054885256,2.4610459000801614,15min
EURUSD,expand_dn,4,is,3644,0.2402462000882526,1.1703389007911669,15min
EURUSD,expand_dn,4,oos,2081,0.21807449038804172,1.0261931082443407,15min
EURUSD,expand_dn,8,is,3644,0.6463403694410331,2.3341761977697213,15min
EURUSD,expand_dn,8,oos,2081,0.15654732220258,0.5341810430693679,15min
EURUSD,expand_dn,12,is,3644,0.7349263060824862,2.2937703106139664,15min
EURUSD,expand_dn,12,oos,2081,0.1264920398898047,0.373277860232074,15min
EURUSD,expand_dn,24,is,3644,0.3942763223734702,0.9160100862045132,15min
EURUSD,expand_dn,24,oos,2081,0.4645903001429829,0.9928219797198033,15min
EURUSD,spike_up,1,is,1134,-0.21515982206740056,-0.9030462643004352,15min
EURUSD,spike_up,1,oos,646,-0.15035998386231084,-0.5763395470201985,15min
EURUSD,spike_up,2,is,1134,-0.4476476864628867,-1.3801179997842032,15min
EURUSD,spike_up,2,oos,646,-0.3677658109613618,-1.158732034753141,15min
EURUSD,spike_up,4,is,1134,-0.0003218279522609358,-0.0007931666693532573,15min
EURUSD,spike_up,4,oos,646,-0.468013445127547,-1.0924522017536258,15min
EURUSD,spike_up,8,is,1134,0.0023545804269162916,0.004485681948337681,15min
EURUSD,spike_up,8,oos,646,-0.5919071821362903,-1.056459875268259,15min
EURUSD,spike_up,12,is,1134,0.42085991296838526,0.69740228536106,15min
EURUSD,spike_up,12,oos,646,-0.9520989045685456,-1.516207823516203,15min
EURUSD,spike_up,24,is,1134,0.43179919101606623,0.5448025497432611,15min
EURUSD,spike_up,24,oos,646,-0.665620861435348,-0.7406703447472284,15min
EURUSD,spike_dn,1,is,1169,0.09756789709736241,0.41128912899986547,15min
EURUSD,spike_dn,1,oos,577,0.317055949947091,1.3984979881544493,15min
EURUSD,spike_dn,2,is,1169,-0.17488131444503613,-0.5882440104959902,15min
EURUSD,spike_dn,2,oos,577,0.45208116093879597,1.4127860164379544,15min
EURUSD,spike_dn,4,is,1169,-0.15485244924941627,-0.39008718038980617,15min
EURUSD,spike_dn,4,oos,577,0.12610272637991154,0.30537931241219496,15min
EURUSD,spike_dn,8,is,1169,0.12220271484585465,0.24746505744491798,15min
EURUSD,spike_dn,8,oos,577,-0.45138572225257984,-0.7887214580168018,15min
EURUSD,spike_dn,12,is,1169,0.276802789120817,0.46506282320346315,15min
EURUSD,spike_dn,12,oos,577,0.017677911566996562,0.027668005477321768,15min
EURUSD,spike_dn,24,is,1169,-0.35926867325551537,-0.4709110285575725,15min
EURUSD,spike_dn,24,oos,577,0.8816111381783125,1.043918497384246,15min
EURUSD,london_open,1,is,2084,-0.08335260355194724,-0.6464414740495876,15min
EURUSD,london_open,1,oos,1248,-0.06983920014400066,-0.5307586630516622,15min
EURUSD,london_open,2,is,2084,-0.14607180979106665,-0.7922727343672924,15min
EURUSD,london_open,2,oos,1248,-0.18954703863461697,-1.0320476700536945,15min
EURUSD,london_open,4,is,2084,-0.041063965071626046,-0.15949422461683752,15min
EURUSD,london_open,4,oos,1248,-0.2821558252577967,-1.095109127875037,15min
EURUSD,london_open,8,is,2084,0.47420604298533464,1.3525255295507104,15min
EURUSD,london_open,8,oos,1248,-0.22170780430836629,-0.6467011790627786,15min
EURUSD,london_open,12,is,2084,0.13381386294243883,0.34245457891709946,15min
EURUSD,london_open,12,oos,1248,-0.7366243620188044,-1.8708406363088295,15min
EURUSD,london_open,24,is,2084,-0.05060643918233951,-0.08515069387687967,15min
EURUSD,london_open,24,oos,1248,0.3112450342142935,0.515606020056386,15min
EURUSD,ny_open,1,is,2084,0.02367714692786098,0.14194635874829253,15min
EURUSD,ny_open,1,oos,1248,0.05708387677909277,0.3321854843476026,15min
EURUSD,ny_open,2,is,2084,-0.0671850535530905,-0.28586354316953805,15min
EURUSD,ny_open,2,oos,1248,0.13569334598078106,0.5753285458484789,15min
EURUSD,ny_open,4,is,2084,0.07848977773064636,0.2371284228510647,15min
EURUSD,ny_open,4,oos,1248,0.3208089183320005,1.0361999422381072,15min
EURUSD,ny_open,8,is,2084,0.23341909480871614,0.5069134160648989,15min
EURUSD,ny_open,8,oos,1248,0.005976490563546768,0.014003082512260958,15min
EURUSD,ny_open,12,is,2084,-0.7946170391688807,-1.553781474558971,15min
EURUSD,ny_open,12,oos,1248,-0.3940762850955862,-0.792885284419028,15min
EURUSD,ny_open,24,is,2084,-0.7546611416775135,-1.2460852233997444,15min
EURUSD,ny_open,24,oos,1248,-0.895125158093301,-1.3733343299767857,15min
EURUSD,friday_pm,1,is,3132,-0.10314102987624514,-1.376488693878771,15min
EURUSD,friday_pm,1,oos,1872,-0.07757157193887154,-0.9261630176925216,15min
EURUSD,friday_pm,2,is,3132,-0.2064736306337198,-2.0767736747553034,15min
EURUSD,friday_pm,2,oos,1872,-0.21532161128415686,-1.9438540705233622,15min
EURUSD,friday_pm,4,is,3132,-0.41915735066718945,-3.1915557508810775,15min
EURUSD,friday_pm,4,oos,1872,-0.4145943936338225,-2.9251954052576004,15min
EURUSD,friday_pm,8,is,3132,-0.6118459912449936,-3.6477625897895134,15min
EURUSD,friday_pm,8,oos,1872,-0.6698782102911769,-3.6494220943869013,15min
EURUSD,friday_pm,12,is,3132,-0.6581425500858736,-3.6708338932694002,15min
EURUSD,friday_pm,12,oos,1872,-0.8158845115913798,-3.9083585738397613,15min
EURUSD,friday_pm,24,is,3132,-0.7419555982560513,-3.950008289727988,15min
EURUSD,friday_pm,24,oos,1872,-0.9727426794608364,-3.788250913559779,15min
EURUSD,sunday_open,1,is,8257,-0.005117757389927106,-0.1770432920795565,15min
EURUSD,sunday_open,1,oos,4992,-0.036626059118354135,-1.0709723819786896,15min
EURUSD,sunday_open,2,is,8257,-0.0011159798398041535,-0.02754296480784915,15min
EURUSD,sunday_open,2,oos,4992,-0.058567471326896145,-1.2117642618613136,15min
EURUSD,sunday_open,4,is,8257,0.010278637389544923,0.18108387238623871,15min
EURUSD,sunday_open,4,oos,4992,-0.06480806884749936,-0.9438281495937692,15min
EURUSD,sunday_open,8,is,8257,0.10153704951567716,1.2889542082153613,15min
EURUSD,sunday_open,8,oos,4992,-0.05034362161594608,-0.5079507190413558,15min
EURUSD,sunday_open,12,is,8257,0.20565122039196002,2.149791503840276,15min
EURUSD,sunday_open,12,oos,4992,-0.012275403685384352,-0.10095059692752044,15min
EURUSD,sunday_open,24,is,8257,0.49419574343621514,3.4824558651135322,15min
EURUSD,sunday_open,24,oos,4992,0.07257315921438294,0.42583446459611507,15min
GBPUSD,asia_break_up,1,is,379,0.0017184941337098816,0.005421007299710677,15min
GBPUSD,asia_break_up,1,oos,209,-0.29842730358337655,-0.7181776786563162,15min
GBPUSD,asia_break_up,2,is,379,-0.3348215869303303,-0.8298821314447079,15min
GBPUSD,asia_break_up,2,oos,209,-0.5366177327701903,-0.8828054206333001,15min
GBPUSD,asia_break_up,4,is,379,0.0009373010733283247,0.0014665544650598772,15min
GBPUSD,asia_break_up,4,oos,209,-0.00027323197334904386,-0.0003493474903478954,15min
GBPUSD,asia_break_up,8,is,379,-0.6342731551091363,-0.6914366996377683,15min
GBPUSD,asia_break_up,8,oos,209,-0.43685250225445316,-0.37715798832179953,15min
GBPUSD,asia_break_up,12,is,379,-0.6004862498141443,-0.5324186342167709,15min
GBPUSD,asia_break_up,12,oos,209,-0.6955384230220596,-0.49645504167188,15min
GBPUSD,asia_break_up,24,is,379,-0.04529967640927869,-0.025008078676709657,15min
GBPUSD,asia_break_up,24,oos,209,2.7599254589945117,1.3167496491295743,15min
GBPUSD,asia_break_dn,1,is,292,0.4431297421910454,0.9824541421118981,15min
GBPUSD,asia_break_dn,1,oos,216,0.3449981793157385,0.7359885254921671,15min
GBPUSD,asia_break_dn,2,is,292,-0.05449394027553094,-0.0869523852951694,15min
GBPUSD,asia_break_dn,2,oos,216,0.9526931391064506,1.3053941807890728,15min
GBPUSD,asia_break_dn,4,is,292,-0.26224130520845185,-0.2947391557954888,15min
GBPUSD,asia_break_dn,4,oos,216,1.2921953131269286,1.3233502110652882,15min
GBPUSD,asia_break_dn,8,is,292,0.25873656766536174,0.2302133582358901,15min
GBPUSD,asia_break_dn,8,oos,216,1.7994867676375454,1.3692596811023277,15min
GBPUSD,asia_break_dn,12,is,292,0.24649526245684328,0.18499234620660346,15min
GBPUSD,asia_break_dn,12,oos,216,0.42962881957946686,0.27862616080585845,15min
GBPUSD,asia_break_dn,24,is,292,0.5274083331327942,0.25845588959772015,15min
GBPUSD,asia_break_dn,24,oos,216,2.1112478938695354,0.8436356691736324,15min
GBPUSD,compress,1,is,7639,0.059551734957078134,1.5110081249637568,15min
GBPUSD,compress,1,oos,4410,0.0012415655591762563,0.025040610290965618,15min
GBPUSD,compress,2,is,7639,0.047706690230940464,0.8767586280355316,15min
GBPUSD,compress,2,oos,4410,0.08369370599987541,1.1284137999267672,15min
GBPUSD,compress,4,is,7639,0.12096646332613838,1.538764461879298,15min
GBPUSD,compress,4,oos,4410,0.2677357515244207,2.543426960549914,15min
GBPUSD,compress,8,is,7639,0.1088199537500424,0.9572078636593768,15min
GBPUSD,compress,8,oos,4410,0.4310948553170188,2.9060967991628135,15min
GBPUSD,compress,12,is,7639,0.1810954889442064,1.3198613694646177,15min
GBPUSD,compress,12,oos,4410,0.38640225117432786,2.194513542095917,15min
GBPUSD,compress,24,is,7639,0.10039624035729666,0.5414057610108183,15min
GBPUSD,compress,24,oos,4410,-0.45214779774041913,-1.9494499158364778,15min
GBPUSD,expand_up,1,is,3537,-0.034600688752304445,-0.2860620098726357,15min
GBPUSD,expand_up,1,oos,2029,-0.025127589627142136,-0.1581550838573853,15min
GBPUSD,expand_up,2,is,3537,-0.05489546854223461,-0.32631101530462026,15min
GBPUSD,expand_up,2,oos,2029,-0.28311917949603865,-1.3147640127208784,15min
GBPUSD,expand_up,4,is,3537,-0.008377309716597456,-0.03554465706656089,15min
GBPUSD,expand_up,4,oos,2029,-0.13576682841343574,-0.4648800452712618,15min
GBPUSD,expand_up,8,is,3537,0.0027251656954802696,0.00872572127384113,15min
GBPUSD,expand_up,8,oos,2029,-0.18001987675950748,-0.47544125042762636,15min
GBPUSD,expand_up,12,is,3537,0.03602159078242132,0.09884528189242708,15min
GBPUSD,expand_up,12,oos,2029,0.07816406317689605,0.1746922253517544,15min
GBPUSD,expand_up,24,is,3537,-0.09590988600654542,-0.18943929020922812,15min
GBPUSD,expand_up,24,oos,2029,0.4967504676607067,0.7731164115470378,15min
GBPUSD,expand_dn,1,is,3472,0.0997034670190252,0.7860429751644641,15min
GBPUSD,expand_dn,1,oos,2048,0.1870075470819802,1.190685180782451,15min
GBPUSD,expand_dn,2,is,3472,0.08826062067395249,0.509423464289902,15min
GBPUSD,expand_dn,2,oos,2048,0.44187499674531583,2.011595181594131,15min
GBPUSD,expand_dn,4,is,3472,-0.09302080934329109,-0.3948656336958227,15min
GBPUSD,expand_dn,4,oos,2048,0.6866705012055443,2.378777952940507,15min
GBPUSD,expand_dn,8,is,3472,-0.20614530532252948,-0.6513822178611102,15min
GBPUSD,expand_dn,8,oos,2048,0.5872462800796181,1.4762893101109946,15min
GBPUSD,expand_dn,12,is,3472,-0.25154226673956126,-0.6655260558422322,15min
GBPUSD,expand_dn,12,oos,2048,0.787925079706727,1.7253523646100515,15min
GBPUSD,expand_dn,24,is,3472,-0.03538580076025714,-0.06612599403752209,15min
GBPUSD,expand_dn,24,oos,2048,1.472540754112524,2.237975684065218,15min
GBPUSD,spike_up,1,is,1107,-0.04953307598965866,-0.20135663793904773,15min
GBPUSD,spike_up,1,oos,612,-0.12597131959483565,-0.4155976338996686,15min
GBPUSD,spike_up,2,is,1107,-0.16094510410217622,-0.48790421608143675,15min
GBPUSD,spike_up,2,oos,612,-0.5154849654686887,-1.4048222047005638,15min
GBPUSD,spike_up,4,is,1107,0.395860469302439,0.8629069029497386,15min
GBPUSD,spike_up,4,oos,612,-0.5711761465681972,-1.1077156708618832,15min
GBPUSD,spike_up,8,is,1107,0.08024849054702017,0.1361231388147995,15min
GBPUSD,spike_up,8,oos,612,-0.7643476550204301,-1.0864425552199555,15min
GBPUSD,spike_up,12,is,1107,0.08595539164720364,0.12556308639568214,15min
GBPUSD,spike_up,12,oos,612,-0.47259067933117527,-0.5854922539529845,15min
GBPUSD,spike_up,24,is,1107,-0.15622833143018153,-0.1703092653881131,15min
GBPUSD,spike_up,24,oos,612,0.4344505082487006,0.37211601972511965,15min
GBPUSD,spike_dn,1,is,1051,0.22172318874557914,0.9032158381578295,15min
GBPUSD,spike_dn,1,oos,582,-0.01272423381896314,-0.03933518754168159,15min
GBPUSD,spike_dn,2,is,1051,0.01770898453196357,0.053930006003285284,15min
GBPUSD,spike_dn,2,oos,582,0.11630281837329298,0.256274502791864,15min
GBPUSD,spike_dn,4,is,1051,-0.17752208802451852,-0.3913140061065988,15min
GBPUSD,spike_dn,4,oos,582,0.793665339854594,1.398147123929717,15min
GBPUSD,spike_dn,8,is,1051,0.10903765078242705,0.18400883136794752,15min
GBPUSD,spike_dn,8,oos,582,0.7490047134182662,0.9630384368901513,15min
GBPUSD,spike_dn,12,is,1051,0.6295650394467978,0.8642087290623811,15min
GBPUSD,spike_dn,12,oos,582,1.4473001636038114,1.6650118259016533,15min
GBPUSD,spike_dn,24,is,1051,2.093002581272234,2.047812874937433,15min
GBPUSD,spike_dn,24,oos,582,1.951296576572847,1.6536954454533113,15min
GBPUSD,london_open,1,is,2084,-0.055427103180090885,-0.40084861252702014,15min
GBPUSD,london_open,1,oos,1248,-0.13779651441640534,-0.7897765866328872,15min
GBPUSD,london_open,2,is,2084,-0.11855574186883855,-0.5987195571184633,15min
GBPUSD,london_open,2,oos,1248,-0.17328175405594798,-0.6950478974585955,15min
GBPUSD,london_open,4,is,2084,0.04916490781705301,0.17966838764693566,15min
GBPUSD,london_open,4,oos,1248,-0.1705673293233197,-0.49094716052015036,15min
GBPUSD,london_open,8,is,2084,0.3507050555573759,0.9325197608160706,15min
GBPUSD,london_open,8,oos,1248,0.3129304998311933,0.6759440778837169,15min
GBPUSD,london_open,12,is,2084,0.3328114221076458,0.7608041419223014,15min
GBPUSD,london_open,12,oos,1248,0.17377055747116335,0.3353534564144219,15min
GBPUSD,london_open,24,is,2084,-0.09294241490182134,-0.14013468384939684,15min
GBPUSD,london_open,24,oos,1248,2.1463306930148107,2.7552403598124133,15min
GBPUSD,ny_open,1,is,2084,-0.07658833158699341,-0.4068439568881806,15min
GBPUSD,ny_open,1,oos,1248,0.12085733173742003,0.5518937511367795,15min
GBPUSD,ny_open,2,is,2084,-0.1804319414849226,-0.6617631610007527,15min
GBPUSD,ny_open,2,oos,1248,0.2801637587645606,0.9179510119419786,15min
GBPUSD,ny_open,4,is,2084,0.04642978305703809,0.12027681375985917,15min
GBPUSD,ny_open,4,oos,1248,0.5876057475997672,1.4503232535013688,15min
GBPUSD,ny_open,8,is,2084,-0.19723160471130924,-0.3651198880978462,15min
GBPUSD,ny_open,8,oos,1248,0.578876012651776,0.9757069240343977,15min
GBPUSD,ny_open,12,is,2084,-0.5272653533241889,-0.8600077522219743,15min
GBPUSD,ny_open,12,oos,1248,0.3643955574712254,0.531424894373967,15min
GBPUSD,ny_open,24,is,2084,0.04448560813088884,0.06177066778362248,15min
GBPUSD,ny_open,24,oos,1248,-0.18904590954923142,-0.2152227674432476,15min
GBPUSD,friday_pm,1,is,3132,-0.06895999870715727,-0.7848437499643539,15min
GBPUSD,friday_pm,1,oos,1872,-0.003247903305292932,-0.03048935327390607,15min
GBPUSD,friday_pm,2,is,3132,-0.15623098081151146,-1.337005326923291,15min
GBPUSD,friday_pm,2,oos,1872,-0.07190621986790799,-0.5118580409901532,15min
GBPUSD,friday_pm,4,is,3132,-0.31967779814920927,-2.0352327987660486,15min
GBPUSD,friday_pm,4,oos,1872,-0.1442185045369729,-0.7922437374028491,15min
GBPUSD,friday_pm,8,is,3132,-0.37821255670709886,-1.9380995700823245,15min
GBPUSD,friday_pm,8,oos,1872,-0.22446266256189754,-0.9832568539682947,15min
GBPUSD,friday_pm,12,is,3132,-0.3646687712036761,-1.7738945702288755,15min
GBPUSD,friday_pm,12,oos,1872,-0.23039610919541914,-0.9005708253068232,15min
GBPUSD,friday_pm,24,is,3132,-0.4901134044763257,-2.3291378025195466,15min
GBPUSD,friday_pm,24,oos,1872,-0.33805766168589785,-1.1227935379108112,15min
GBPUSD,sunday_open,1,is,8257,-0.022092916541030815,-0.859725919851583,15min
GBPUSD,sunday_open,1,oos,4992,-0.07157055287793913,-1.729413782724064,15min
GBPUSD,sunday_open,2,is,8257,-0.03631978003616104,-1.0346622478019296,15min
GBPUSD,sunday_open,2,oos,4992,-0.13311749123543762,-2.2874149835818263,15min
GBPUSD,sunday_open,4,is,8257,-0.05444893393692151,-1.135853039761279,15min
GBPUSD,sunday_open,4,oos,4992,-0.21473800240024915,-2.6215611488340462,15min
GBPUSD,sunday_open,8,is,8257,-0.025259742646761126,-0.37186228791454407,15min
GBPUSD,sunday_open,8,oos,4992,-0.3253507501687899,-2.752140366623365,15min
GBPUSD,sunday_open,12,is,8257,0.018450461117661812,0.21552405478441403,15min
GBPUSD,sunday_open,12,oos,4992,-0.39881558034934916,-2.716574318769045,15min
GBPUSD,sunday_open,24,is,8257,0.14176346310973675,1.0594390872526387,15min
GBPUSD,sunday_open,24,oos,4992,-0.6742522396775255,-3.3294050345696964,15min
AUDUSD,asia_break_up,1,is,223,0.10184500852104926,0.40838323444557934,15min
AUDUSD,asia_break_up,1,oos,146,-0.5637758938917508,-1.9184686411369496,15min
AUDUSD,asia_break_up,2,is,223,0.18732230403770622,0.5271946197124541,15min
AUDUSD,asia_break_up,2,oos,146,-1.2150073737193114,-2.618809010468267,15min
AUDUSD,asia_break_up,4,is,223,-0.0941894726420361,-0.18206839139729009,15min
AUDUSD,asia_break_up,4,oos,146,-1.0663930146604272,-1.9532403380749186,15min
AUDUSD,asia_break_up,8,is,223,-0.15071078384909178,-0.22326315418348938,15min
AUDUSD,asia_break_up,8,oos,146,-1.5922756855039866,-1.9587358669037627,15min
AUDUSD,asia_break_up,12,is,223,0.44859750135641363,0.5575351281169588,15min
AUDUSD,asia_break_up,12,oos,146,-1.9789066285614194,-1.9001746754891258,15min
AUDUSD,asia_break_up,24,is,223,0.0682712358966203,0.05078120742899673,15min
AUDUSD,asia_break_up,24,oos,146,-0.4654597353704191,-0.2671753726166872,15min
AUDUSD,asia_break_dn,1,is,240,-0.06685921419938927,-0.2731944814172985,15min
AUDUSD,asia_break_dn,1,oos,139,0.4876481723346852,1.5482098123323624,15min
AUDUSD,asia_break_dn,2,is,240,-0.3085100950654615,-0.928243312067153,15min
AUDUSD,asia_break_dn,2,oos,139,0.7028501211066789,1.4915230995953381,15min
AUDUSD,asia_break_dn,4,is,240,-0.17264519013086127,-0.39072960454833044,15min
AUDUSD,asia_break_dn,4,oos,139,0.5779255031280603,0.8272601762105505,15min
AUDUSD,asia_break_dn,8,is,240,0.20366795307162214,0.31187786419150315,15min
AUDUSD,asia_break_dn,8,oos,139,1.13227836988172,1.102087473460065,15min
AUDUSD,asia_break_dn,12,is,240,0.20456442960751897,0.23952281942957968,15min
AUDUSD,asia_break_dn,12,oos,139,1.057705177883664,0.899081180013705,15min
AUDUSD,asia_break_dn,24,is,240,0.46808719254834125,0.3253452519202492,15min
AUDUSD,asia_break_dn,24,oos,139,3.6041642914353904,2.038213653209157,15min
AUDUSD,compress,1,is,7232,0.029208724591190015,0.9915918654407441,15min
AUDUSD,compress,1,oos,4246,-0.03469727678876176,-0.9285817459692884,15min
AUDUSD,compress,2,is,7232,0.049567891660254236,1.2080429207930814,15min
AUDUSD,compress,2,oos,4246,-0.10392925991036578,-1.8752329080775914,15min
AUDUSD,compress,4,is,7232,0.09863799570988081,1.7225167804767685,15min
AUDUSD,compress,4,oos,4246,-0.07859015104663744,-1.0420268704910824,15min
AUDUSD,compress,8,is,7232,0.09090845823392715,1.0508244085274674,15min
AUDUSD,compress,8,oos,4246,-0.10412906563937556,-0.9725517739380923,15min
AUDUSD,compress,12,is,7232,0.18533600040398163,1.6946487491811093,15min
AUDUSD,compress,12,oos,4246,-0.22154401814329422,-1.6410282053085337,15min
AUDUSD,compress,24,is,7232,0.525753582666364,3.3334502877253613,15min
AUDUSD,compress,24,oos,4246,-0.8881258707823857,-4.615355309643222,15min
AUDUSD,expand_up,1,is,3246,-0.19624653705828507,-2.1950515925269234,15min
AUDUSD,expand_up,1,oos,1946,-0.002228497757726746,-0.019220486709343544,15min
AUDUSD,expand_up,2,is,3246,-0.36929529223117086,-3.0050709576348384,15min
AUDUSD,expand_up,2,oos,1946,-0.05246848115430863,-0.3438633048064159,15min
AUDUSD,expand_up,4,is,3246,-0.4845240410242358,-2.862971391415768,15min
AUDUSD,expand_up,4,oos,1946,-0.17387305802296443,-0.871986066202214,15min
AUDUSD,expand_up,8,is,3246,-0.4243315078032493,-1.8992154096877931,15min
AUDUSD,expand_up,8,oos,1946,-0.19287579250254067,-0.727566101001738,15min
AUDUSD,expand_up,12,is,3246,-0.5179282536950199,-1.9869938341300726,15min
AUDUSD,expand_up,12,oos,1946,-0.20989502766605309,-0.6564327127505147,15min
AUDUSD,expand_up,24,is,3246,-0.6580838641367777,-1.9716097641463612,15min
AUDUSD,expand_up,24,oos,1946,0.06821876214461588,0.16532633821125764,15min
AUDUSD,expand_dn,1,is,3304,0.12437918370215344,1.3170905324903905,15min
AUDUSD,expand_dn,1,oos,1951,0.34359826618073597,2.9540840364725707,15min
AUDUSD,expand_dn,2,is,3304,0.1409042511815556,1.0629572425647955,15min
AUDUSD,expand_dn,2,oos,1951,0.3580169973443345,2.1137577965478656,15min
AUDUSD,expand_dn,4,is,3304,0.2213363473994275,1.3070282065479761,15min
AUDUSD,expand_dn,4,oos,1951,0.5192630942545711,2.346847016288175,15min
AUDUSD,expand_dn,8,is,3304,0.2800364962516504,1.226223518829776,15min
AUDUSD,expand_dn,8,oos,1951,0.5935345417767101,2.0270960098255117,15min
AUDUSD,expand_dn,12,is,3304,0.3486337395348681,1.3317510567223778,15min
AUDUSD,expand_dn,12,oos,1951,0.5705794095082034,1.744824878294602,15min
AUDUSD,expand_dn,24,is,3304,0.4151094887549797,1.177252597087396,15min
AUDUSD,expand_dn,24,oos,1951,1.0649737269214103,2.4408681247887265,15min
AUDUSD,spike_up,1,is,1016,-0.13639825619413334,-0.7709433863827632,15min
AUDUSD,spike_up,1,oos,558,0.06933894874590947,0.3006661164819462,15min
AUDUSD,spike_up,2,is,1016,-0.28007997695520076,-1.178249742534506,15min
AUDUSD,spike_up,2,oos,558,0.034682074898579184,0.11372875377382258,15min
AUDUSD,spike_up,4,is,1016,-0.2706422373749405,-0.8511786817657017,15min
AUDUSD,spike_up,4,oos,558,-0.006608804909316506,-0.01570305317289346,15min
AUDUSD,spike_up,8,is,1016,-0.3477313251435365,-0.8422807623452342,15min
AUDUSD,spike_up,8,oos,558,-0.2807963316472366,-0.5477780617744058,15min
AUDUSD,spike_up,12,is,1016,-0.12969246015626593,-0.2779104267515599,15min
AUDUSD,spike_up,12,oos,558,-0.3166011834786853,-0.5273661116151457,15min
AUDUSD,spike_up,24,is,1016,-0.42242625889520186,-0.7230639032523295,15min
AUDUSD,spike_up,24,oos,558,-0.050234125314962685,-0.06692699866350774,15min
AUDUSD,spike_dn,1,is,1018,0.26579591022760296,1.4715467477157462,15min
AUDUSD,spike_dn,1,oos,547,0.5876014820818318,2.1993325348342307,15min
AUDUSD,spike_dn,2,is,1018,0.016857046388411748,0.06825209262551062,15min
AUDUSD,spike_dn,2,oos,547,0.3710310425487189,0.991296946819122,15min
AUDUSD,spike_dn,4,is,1018,0.13577696114616,0.4220240977900232,15min
AUDUSD,spike_dn,4,oos,547,0.8967383870074767,1.9406581486390666,15min
AUDUSD,spike_dn,8,is,1018,0.7848152189524864,1.802687891492113,15min
AUDUSD,spike_dn,8,oos,547,1.0352593123673435,1.7568339445673393,15min
AUDUSD,spike_dn,12,is,1018,0.9433819639886548,1.862582026860705,15min
AUDUSD,spike_dn,12,oos,547,1.4222541237362674,2.197613083890879,15min
AUDUSD,spike_dn,24,is,1018,0.7514987020440925,1.100008413894256,15min
AUDUSD,spike_dn,24,oos,547,1.6281486140322363,1.8995323265435975,15min
AUDUSD,london_open,1,is,2076,-0.10716388664639369,-1.287442809478871,15min
AUDUSD,london_open,1,oos,1244,-0.010858327931277133,-0.10864034840655228,15min
AUDUSD,london_open,2,is,2076,-0.2345108176087803,-2.000303538570043,15min
AUDUSD,london_open,2,oos,1244,-0.07379200570630019,-0.5174231618098167,15min
AUDUSD,london_open,4,is,2076,-0.3923597855065692,-2.5123900670907418,15min
AUDUSD,london_open,4,oos,1244,-0.13174451005748786,-0.6839925277203633,15min
AUDUSD,london_open,8,is,2076,-0.27797583305549894,-1.3540572844743581,15min
AUDUSD,london_open,8,oos,1244,0.02607651464576891,0.10235642174356778,15min
AUDUSD,london_open,12,is,2076,-0.4944685665389262,-2.0325580026589685,15min
AUDUSD,london_open,12,oos,1244,-0.1287535650896862,-0.42176058909376096,15min
AUDUSD,london_open,24,is,2076,-0.5740768247926842,-1.3997870452943268,15min
AUDUSD,london_open,24,oos,1244,0.5127375293081786,1.1124877240466056,15min
AUDUSD,ny_open,1,is,2076,-0.11366677681980068,-0.9413982519529489,15min
AUDUSD,ny_open,1,oos,1244,0.1046963344481407,0.7561055152719331,15min
AUDUSD,ny_open,2,is,2076,-0.29303682916945245,-1.6859169582846016,15min
AUDUSD,ny_open,2,oos,1244,0.2502031711425809,1.3078972051090716,15min
AUDUSD,ny_open,4,is,2076,-0.40146383174931954,-1.6224742404475632,15min
AUDUSD,ny_open,4,oos,1244,0.5815593484634118,2.153988845295283,15min
AUDUSD,ny_open,8,is,2076,-0.7328650430747509,-2.0772229242066165,15min
AUDUSD,ny_open,8,oos,1244,0.23174371721811593,0.6021568205356507,15min
AUDUSD,ny_open,12,is,2076,-1.000537930700757,-2.5715783291776453,15min
AUDUSD,ny_open,12,oos,1244,0.044076016903873534,0.099444338803944,15min
AUDUSD,ny_open,24,is,2076,-0.40247277854988417,-0.8338787077663067,15min
AUDUSD,ny_open,24,oos,1244,-0.310534174871888,-0.5716167570729833,15min
AUDUSD,friday_pm,1,is,3132,-0.08200369057229791,-1.4454138513429886,15min
AUDUSD,friday_pm,1,oos,1872,-0.09498418331918623,-1.332145286291484,15min
AUDUSD,friday_pm,2,is,3132,-0.15438094436298586,-2.0135786548013224,15min
AUDUSD,friday_pm,2,oos,1872,-0.2004097709796039,-2.134375610886915,15min
AUDUSD,friday_pm,4,is,3132,-0.2353742769762908,-2.381268207843824,15min
AUDUSD,friday_pm,4,oos,1872,-0.3726378923094039,-3.116236600255262,15min
AUDUSD,friday_pm,8,is,3132,-0.33588265356944536,-2.669633877654508,15min
AUDUSD,friday_pm,8,oos,1872,-0.6079778866513924,-4.104383329428211,15min
AUDUSD,friday_pm,12,is,3132,-0.35633036605021,-2.6637217967306728,15min
AUDUSD,friday_pm,12,oos,1872,-0.8153294713199213,-4.933661161965775,15min
AUDUSD,friday_pm,24,is,3132,-0.5169710769279999,-3.782420982088401,15min
AUDUSD,friday_pm,24,oos,1872,-1.2033892810910976,-6.568385428893954,15min
AUDUSD,sunday_open,1,is,8161,0.012423017349047591,0.6676449686335822,15min
AUDUSD,sunday_open,1,oos,4992,-0.04941126665252256,-1.3864757411928845,15min
AUDUSD,sunday_open,2,is,8161,0.03195300688287718,1.2620427535165604,15min
AUDUSD,sunday_open,2,oos,4992,-0.08699831264627327,-1.7787836984950247,15min
AUDUSD,sunday_open,4,is,8161,0.0848593283105392,2.4996736833307223,15min
AUDUSD,sunday_open,4,oos,4992,-0.1476612630359054,-2.2070430493003648,15min
AUDUSD,sunday_open,8,is,8161,0.25325621329305453,5.104220327410398,15min
AUDUSD,sunday_open,8,oos,4992,-0.2175865939163698,-2.3845735195913718,15min
AUDUSD,sunday_open,12,is,8161,0.42061155924848936,6.584445854752103,15min
AUDUSD,sunday_open,12,oos,4992,-0.22381972238832787,-2.011802197960139,15min
AUDUSD,sunday_open,24,is,8161,0.855498329868136,8.285548606574617,15min
AUDUSD,sunday_open,24,oos,4992,-0.2239054402791852,-1.4895890250936388,15min
USDJPY,asia_break_up,1,is,239,0.646754637383626,1.2120561524564497,15min
USDJPY,asia_break_up,1,oos,157,0.680846232966387,1.5537261066576409,15min
USDJPY,asia_break_up,2,is,239,1.0525050906666351,1.2011474588080906,15min
USDJPY,asia_break_up,2,oos,157,1.0131226694945206,1.4290346254088413,15min
USDJPY,asia_break_up,4,is,239,1.164633612295743,0.9678501393728263,15min
USDJPY,asia_break_up,4,oos,157,1.5576343361291352,1.4918954410661909,15min
USDJPY,asia_break_up,8,is,239,3.1949576011603043,1.9969638944273622,15min
USDJPY,asia_break_up,8,oos,157,2.6429044564692203,1.6564134759277314,15min
USDJPY,asia_break_up,12,is,239,3.7849050209873276,1.7691184245240092,15min
USDJPY,asia_break_up,12,oos,157,3.470515144158458,1.8262968142861187,15min
USDJPY,asia_break_up,24,is,239,5.053701255363792,1.4472775288928568,15min
USDJPY,asia_break_up,24,oos,157,4.5386028680520605,1.716525028550865,15min
USDJPY,asia_break_dn,1,is,186,1.2664626501607157,1.6035962581233905,15min
USDJPY,asia_break_dn,1,oos,130,0.21273011341737935,0.17291604497958113,15min
USDJPY,asia_break_dn,2,is,186,0.3307747626870811,0.2725798858885316,15min
USDJPY,asia_break_dn,2,oos,130,1.2010673044776148,1.0954052263693324,15min
USDJPY,asia_break_dn,4,is,186,1.3766032888150594,0.92644578820534,15min
USDJPY,asia_break_dn,4,oos,130,0.7989719157473921,0.5360127811292207,15min
USDJPY,asia_break_dn,8,is,186,1.1741743195657792,0.5916443205432862,15min
USDJPY,asia_break_dn,8,oos,130,1.9648373325103206,1.316585166435271,15min
USDJPY,asia_break_dn,12,is,186,0.09110018902611326,0.031104591230145875,15min
USDJPY,asia_break_dn,12,oos,130,1.6327713910964226,0.5276264834901372,15min
USDJPY,asia_break_dn,24,is,186,-3.3258641380767164,-0.7509159385182902,15min
USDJPY,asia_break_dn,24,oos,130,-5.028611732633743,-1.0451260065041097,15min
USDJPY,compress,1,is,8348,-0.00208348283867894,-0.03179574826805302,15min
USDJPY,compress,1,oos,4768,-0.025725778425885058,-0.35694561680506465,15min
USDJPY,compress,2,is,8348,-0.029825806118176642,-0.2980291704092491,15min
USDJPY,compress,2,oos,4768,-0.029707250246269756,-0.28411484170548756,15min
USDJPY,compress,4,is,8348,0.03959371598594837,0.25375485103967715,15min
USDJPY,compress,4,oos,4768,-0.11521852049437642,-0.7650122493038591,15min
USDJPY,compress,8,is,8348,0.36734627241269907,1.5173741256602764,15min
USDJPY,compress,8,oos,4768,-0.011327645548521175,-0.05225858994202664,15min
USDJPY,compress,12,is,8348,0.059132130229032215,0.19641358842196352,15min
USDJPY,compress,12,oos,4768,0.029046074885722226,0.11394371846502595,15min
USDJPY,compress,24,is,8348,-0.019379486547216995,-0.04667872438492061,15min
USDJPY,compress,24,oos,4768,0.4171531421725943,1.0777391310122604,15min
USDJPY,expand_up,1,is,3328,0.015642305350999273,0.07164376800957994,15min
USDJPY,expand_up,1,oos,1913,-0.2791603928356386,-1.3169803510816975,15min
USDJPY,expand_up,2,is,3328,0.018123553009767576,0.0595117132808015,15min
USDJPY,expand_up,2,oos,1913,-0.12581174172454795,-0.4470964387509936,15min
USDJPY,expand_up,4,is,3328,-0.26920661994205997,-0.6174216189348719,15min
USDJPY,expand_up,4,oos,1913,-0.0647290774571989,-0.17173870108712086,15min
USDJPY,expand_up,8,is,3328,-0.3015592735379409,-0.526365013444498,15min
USDJPY,expand_up,8,oos,1913,-0.2971709911054453,-0.5885273709343669,15min
USDJPY,expand_up,12,is,3328,-0.07624966751846586,-0.11598205070805684,15min
USDJPY,expand_up,12,oos,1913,-0.805902660936303,-1.3904896903801,15min
USDJPY,expand_up,24,is,3328,1.082086001501488,1.2104974357342275,15min
USDJPY,expand_up,24,oos,1913,-0.06284049132941735,-0.07686449904547275,15min
USDJPY,expand_dn,1,is,3550,0.14681309692738845,0.6287268926536941,15min
USDJPY,expand_dn,1,oos,2050,0.21400966313571948,0.7926732434665176,15min
USDJPY,expand_dn,2,is,3550,0.1926825318829999,0.6106622970997224,15min
USDJPY,expand_dn,2,oos,2050,0.278271807291763,0.8287702037428349,15min
USDJPY,expand_dn,4,is,3550,-0.03240958412135345,-0.07727250741662714,15min
USDJPY,expand_dn,4,oos,2050,0.17243533038137765,0.37502179519735734,15min
USDJPY,expand_dn,8,is,3550,0.4764906909121953,0.851800941619806,15min
USDJPY,expand_dn,8,oos,2050,0.2255953062439616,0.37691212177879535,15min
USDJPY,expand_dn,12,is,3550,0.08947547298801618,0.13645490721706705,15min
USDJPY,expand_dn,12,oos,2050,-0.22963010984172819,-0.3087276328343136,15min
USDJPY,expand_dn,24,is,3550,-0.24055609627747224,-0.27419310548672415,15min
USDJPY,expand_dn,24,oos,2050,-1.4901145468927446,-1.4235916751745685,15min
USDJPY,spike_up,1,is,1064,0.16564659793343953,0.4032117836364146,15min
USDJPY,spike_up,1,oos,584,-0.05451172009172963,-0.1278668090624043,15min
USDJPY,spike_up,2,is,1064,0.6874492109045154,1.3066707609657684,15min
USDJPY,spike_up,2,oos,584,-0.05644586728206987,-0.10556229635750672,15min
USDJPY,spike_up,4,is,1064,0.8167687225608585,1.1062127228909586,15min
USDJPY,spike_up,4,oos,584,-0.029846577403437723,-0.04455068585455443,15min
USDJPY,spike_up,8,is,1064,0.23438330978337304,0.23193746088286807,15min
USDJPY,spike_up,8,oos,584,-0.4115694114306566,-0.46154128195123106,15min
USDJPY,spike_up,12,is,1064,0.656838122569717,0.5475053317740025,15min
USDJPY,spike_up,12,oos,584,-1.4011169123809133,-1.3160024456532913,15min
USDJPY,spike_up,24,is,1064,0.3547946661921224,0.22140306227682616,15min
USDJPY,spike_up,24,oos,584,-0.9086933975441789,-0.5844513597137879,15min
USDJPY,spike_dn,1,is,1159,0.4063027978594766,0.8307533081739985,15min
USDJPY,spike_dn,1,oos,657,0.11616940624008419,0.1843865690175427,15min
USDJPY,spike_dn,2,is,1159,0.11226047061112436,0.16541880021862856,15min
USDJPY,spike_dn,2,oos,657,0.22829538081518166,0.2986653108488758,15min
USDJPY,spike_dn,4,is,1159,-0.24532375247911659,-0.29633469154488556,15min
USDJPY,spike_dn,4,oos,657,0.575471154712237,0.6206966790764311,15min
USDJPY,spike_dn,8,is,1159,0.22514196872579392,0.2145491672252075,15min
USDJPY,spike_dn,8,oos,657,0.28466346528171477,0.24708186531285237,15min
USDJPY,spike_dn,12,is,1159,0.18357145179440382,0.14970890765173672,15min
USDJPY,spike_dn,12,oos,657,0.4364401652445723,0.3282221387952579,15min
USDJPY,spike_dn,24,is,1159,-0.6463601162558514,-0.4179250701244775,15min
USDJPY,spike_dn,24,oos,657,-2.5730579333128296,-1.2193400800227698,15min
USDJPY,london_open,1,is,2084,0.3786590053915963,1.6116202014778942,15min
USDJPY,london_open,1,oos,1244,0.26769239390194705,1.1106908225438292,15min
USDJPY,london_open,2,is,2084,0.6616366288254487,2.001641679355141,15min
USDJPY,london_open,2,oos,1244,0.3722001266392941,1.1900478197438993,15min
USDJPY,london_open,4,is,2084,1.2480093421039198,2.812630833786316,15min
USDJPY,london_open,4,oos,1244,0.6399043916315021,1.5639467046481372,15min
USDJPY,london_open,8,is,2084,1.1765129260505072,2.047134877285742,15min
USDJPY,london_open,8,oos,1244,0.45020216060829293,0.7583139514284299,15min
USDJPY,london_open,12,is,2084,1.5512977000162196,2.2624879426555053,15min
USDJPY,london_open,12,oos,1244,1.0970132906758718,1.5668941351285364,15min
USDJPY,london_open,24,is,2084,2.093190409629352,1.8740721265714915,15min
USDJPY,london_open,24,oos,1244,-1.460316531050848,-1.3402297203828426,15min
USDJPY,ny_open,1,is,2084,-0.26536690631664506,-0.9370437883012347,15min
USDJPY,ny_open,1,oos,1244,-0.437814036966188,-1.4225052126690596,15min
USDJPY,ny_open,2,is,2084,-0.3563096283722491,-0.8804452610559488,15min
USDJPY,ny_open,2,oos,1244,-0.8331053395986092,-1.7356428326628328,15min
USDJPY,ny_open,4,is,2084,-0.998295840237759,-1.7860395196305743,15min
USDJPY,ny_open,4,oos,1244,-0.9965505922912765,-1.4444755875079562,15min
USDJPY,ny_open,8,is,2084,-0.7103152889207986,-0.9410034020678693,15min
USDJPY,ny_open,8,oos,1244,-0.25514349855563173,-0.32024729239949706,15min
USDJPY,ny_open,12,is,2084,1.2229627671947196,1.41963909538056,15min
USDJPY,ny_open,12,oos,1244,-0.12268124308611729,-0.14391279226550588,15min
USDJPY,ny_open,24,is,2084,1.2388477992646425,1.20601035174183,15min
USDJPY,ny_open,24,oos,1244,2.080318517180693,1.9670173195349723,15min
USDJPY,friday_pm,1,is,3132,0.08193354374625418,0.7235548552237471,15min
USDJPY,friday_pm,1,oos,1872,-0.09477522846316294,-0.6207457248699424,15min
USDJPY,friday_pm,2,is,3132,0.21187155747973596,1.3759524829710663,15min
USDJPY,friday_pm,2,oos,1872,-0.11327030236007027,-0.5313386447679329,15min
USDJPY,friday_pm,4,is,3132,0.48673800640263865,2.3276046715085528,15min
USDJPY,friday_pm,4,oos,1872,-0.19528022100489498,-0.6595932338810753,15min
USDJPY,friday_pm,8,is,3132,0.8380034712982458,3.10064356141071,15min
USDJPY,friday_pm,8,oos,1872,-0.49631651364351875,-1.1656247042179662,15min
USDJPY,friday_pm,12,is,3132,1.0833142746357611,3.6531274838585004,15min
USDJPY,friday_pm,12,oos,1872,-0.8805459165959769,-1.7644287639920049,15min
USDJPY,friday_pm,24,is,3132,1.8923788685563099,6.238563302709481,15min
USDJPY,friday_pm,24,oos,1872,-2.0356523309244183,-3.1031926342631313,15min
USDJPY,sunday_open,1,is,8257,-0.009149570685395013,-0.20107192101157093,15min
USDJPY,sunday_open,1,oos,4992,0.07005182816076437,1.0068779412337299,15min
USDJPY,sunday_open,2,is,8257,-0.05735085506825753,-0.9173801034512675,15min
USDJPY,sunday_open,2,oos,4992,0.1356346121698417,1.447266482071523,15min
USDJPY,sunday_open,4,is,8257,-0.1515007897053654,-1.6808705294379191,15min
USDJPY,sunday_open,4,oos,4992,0.14084090613185848,0.9814456093607377,15min
USDJPY,sunday_open,8,is,8257,-0.46311421111715684,-3.326092339183071,15min
USDJPY,sunday_open,8,oos,4992,0.1284030376385504,0.6457251899715633,15min
USDJPY,sunday_open,12,is,8257,-0.7276100353386856,-4.037712901684158,15min
USDJPY,sunday_open,12,oos,4992,0.10652339430149688,0.43420689381829325,15min
USDJPY,sunday_open,24,is,8257,-1.816719404575883,-6.242125624576075,15min
USDJPY,sunday_open,24,oos,4992,0.15452528659697443,0.41264988960580196,15min
EURUSD,asia_break_up,1,is,193,-0.12417181564410634,-0.1410115093576748,60min
EURUSD,asia_break_up,2,is,193,-0.2636286053816466,-0.2135478537812569,60min
EURUSD,asia_break_up,4,is,193,0.31341636436655884,0.18906822130562528,60min
EURUSD,asia_break_up,8,is,193,-0.5638408463965099,-0.21327117219326608,60min
EURUSD,asia_break_up,12,is,193,-0.8988700778848187,-0.31645808276474086,60min
EURUSD,asia_break_up,24,is,193,-2.52336506935902,-0.6751554688881766,60min
EURUSD,asia_break_dn,1,is,174,-1.4729256123207224,-1.549304816593039,60min
EURUSD,asia_break_dn,1,oos,117,0.19994667328581892,0.25164260058168714,60min
EURUSD,asia_break_dn,2,is,174,-2.039242029239409,-1.7278699721972735,60min
EURUSD,asia_break_dn,2,oos,117,1.575594669368694,1.4152786242682884,60min
EURUSD,asia_break_dn,4,is,174,-1.1388288860652538,-0.5696683692187721,60min
EURUSD,asia_break_dn,4,oos,117,1.197798927118755,0.750278171444968,60min
EURUSD,asia_break_dn,8,is,174,-1.2253589215556642,-0.5043680658639704,60min
EURUSD,asia_break_dn,8,oos,117,1.3582744812687582,0.5211241350780907,60min
EURUSD,asia_break_dn,12,is,174,-0.9601648191151226,-0.34708987447554224,60min
EURUSD,asia_break_dn,12,oos,117,-0.4515782667287613,-0.14496525015249748,60min
EURUSD,asia_break_dn,24,is,174,-0.6196473038893346,-0.1929582465657293,60min
EURUSD,asia_break_dn,24,oos,117,-2.6506927939229534,-0.7502182055798421,60min
EURUSD,compress,1,is,4055,-0.1427918906490613,-1.7931054521077614,60min
EURUSD,compress,1,oos,2227,-0.09062225735950787,-1.002791676271886,60min
EURUSD,compress,2,is,4055,-0.276076999547201,-2.354436074124619,60min
EURUSD,compress,2,oos,2227,-0.26373768913744283,-2.0219750784771935,60min
EURUSD,compress,4,is,4055,-0.5579493135210379,-3.1230635365673804,60min
EURUSD,compress,4,oos,2227,-0.44035212504228205,-2.323904977350761,60min
EURUSD,compress,8,is,4055,-1.0062562102726518,-3.2261574307538994,60min
EURUSD,compress,8,oos,2227,-0.91069588628712,-2.6170311320366437,60min
EURUSD,compress,12,is,4055,-0.8430711218208277,-1.901176652232544,60min
EURUSD,compress,12,oos,2227,-0.9531218710563867,-1.9148079156499709,60min
EURUSD,compress,24,is,4055,0.0820922116796607,0.1237215933512518,60min
EURUSD,compress,24,oos,2227,-1.1033806688382175,-1.517631216347455,60min
EURUSD,expand_up,1,is,1413,-0.48569802123322786,-1.4324801713694595,60min
EURUSD,expand_up,1,oos,828,0.34381047856263286,1.0023583527928899,60min
EURUSD,expand_up,2,is,1413,-0.3283316404848521,-0.7470787147092767,60min
EURUSD,expand_up,2,oos,828,0.5155287087593613,1.188912437857489,60min
EURUSD,expand_up,4,is,1413,-0.5472860693631703,-0.9090819015280012,60min
EURUSD,expand_up,4,oos,828,0.2913793804817217,0.4753390027512258,60min
EURUSD,expand_up,8,is,1413,-0.8729514734750857,-1.0231447294646918,60min
EURUSD,expand_up,8,oos,828,0.5753870788161529,0.6415146467383116,60min
EURUSD,expand_up,12,is,1413,-1.2270669837441528,-1.2135875374372254,60min
EURUSD,expand_up,12,oos,828,0.15242582097095844,0.15149907372591215,60min
EURUSD,expand_up,24,is,1413,-1.9869124770352862,-1.5155066031281088,60min
EURUSD,expand_up,24,oos,828,1.1547652142522824,0.8912823185934179,60min
EURUSD,expand_dn,1,is,1415,0.04802540510323217,0.15053945458773355,60min
EURUSD,expand_dn,1,oos,814,0.22529527363434335,0.6530241173280749,60min
EURUSD,expand_dn,2,is,1415,-0.37493858908684025,-0.8720736025452092,60min
EURUSD,expand_dn,2,oos,814,0.3231885919625987,0.674441054351465,60min
EURUSD,expand_dn,4,is,1415,-0.2756015597990503,-0.490917907629762,60min
EURUSD,expand_dn,4,oos,814,1.1252596045793208,1.7293499005341049,60min
EURUSD,expand_dn,8,is,1415,-0.6454434022836066,-0.8816607541077942,60min
EURUSD,expand_dn,8,oos,814,1.3206623936566637,1.579651478111621,60min
EURUSD,expand_dn,12,is,1415,-1.172105032754038,-1.361292514208677,60min
EURUSD,expand_dn,12,oos,814,2.473909458758878,2.518621623071699,60min
EURUSD,expand_dn,24,is,1415,-2.306943311362722,-2.009464167194906,60min
EURUSD,expand_dn,24,oos,814,2.0263893581589962,1.5594435347266666,60min
EURUSD,spike_up,1,is,533,0.05509890731425642,0.10025895872031416,60min
EURUSD,spike_up,1,oos,300,0.8418612032003824,1.3705707717301805,60min
EURUSD,spike_up,2,is,533,-0.2081886769286639,-0.2934838460521018,60min
EURUSD,spike_up,2,oos,300,1.2553040710782462,1.6662582404664763,60min
EURUSD,spike_up,4,is,533,-0.5984599054522386,-0.6307156226006512,60min
EURUSD,spike_up,4,oos,300,0.19470063652053823,0.2075479795201732,60min
EURUSD,spike_up,8,is,533,-0.28209804730235305,-0.2173141653619103,60min
EURUSD,spike_up,8,oos,300,0.42852234451676596,0.2871652086648882,60min
EURUSD,spike_up,12,is,533,-1.1190194912162597,-0.6952645304633844,60min
EURUSD,spike_up,12,oos,300,-0.8653133094637038,-0.5124008994786529,60min
EURUSD,spike_up,24,is,533,-2.098643335892053,-0.9840485487512971,60min
EURUSD,spike_up,24,oos,300,1.5779995137692069,0.7096696952459296,60min
EURUSD,spike_dn,1,is,510,0.4702927784836631,0.8232195117176516,60min
EURUSD,spike_dn,1,oos,266,0.6808637094658968,1.2160602785317203,60min
EURUSD,spike_dn,2,is,510,0.3265659491241892,0.4463959819015496,60min
EURUSD,spike_dn,2,oos,266,0.5073792590480373,0.6063448493345122,60min
EURUSD,spike_dn,4,is,510,-0.2973582978300112,-0.31316838799973423,60min
EURUSD,spike_dn,4,oos,266,2.0196066515579334,1.7838116643304367,60min
EURUSD,spike_dn,8,is,510,-1.4655009093854312,-1.2173620887076317,60min
EURUSD,spike_dn,8,oos,266,3.397086254291092,2.3881676037743347,60min
EURUSD,spike_dn,12,is,510,-2.163839599372239,-1.481881772980139,60min
EURUSD,spike_dn,12,oos,266,3.8044335577040185,2.177103723165817,60min
EURUSD,spike_dn,24,is,510,-3.5916689401301185,-1.8988076496087107,60min
EURUSD,spike_dn,24,oos,266,3.472287734320552,1.4845185144750848,60min
EURUSD,london_open,1,is,521,-0.33313972311565415,-0.5968401428619687,60min
EURUSD,london_open,1,oos,312,-0.2792734121843626,-0.5490950121235749,60min
EURUSD,london_open,2,is,521,0.474411532655215,0.6438778878992174,60min
EURUSD,london_open,2,oos,312,-0.1911254161013817,-0.27839768339788235,60min
EURUSD,london_open,4,is,521,-0.006551214920048616,-0.007554246476049416,60min
EURUSD,london_open,4,oos,312,-0.9862288506591068,-1.0793894896656686,60min
EURUSD,london_open,8,is,521,0.37950793484332973,0.2611030726398908,60min
EURUSD,london_open,8,oos,312,1.047483882978105,0.7237491974260102,60min
EURUSD,london_open,12,is,521,-0.6518033568520671,-0.39203600999912264,60min
EURUSD,london_open,12,oos,312,-0.42956971972024094,-0.23977095797917167,60min
EURUSD,london_open,24,is,521,0.007922908125561486,0.0040723511484846925,60min
EURUSD,london_open,24,oos,312,-0.10053253751288384,-0.04778607937974098,60min
EURUSD,ny_open,1,is,521,0.09497927880357815,0.14024173960327885,60min
EURUSD,ny_open,1,oos,312,0.2284188955080115,0.35540858142237813,60min
EURUSD,ny_open,2,is,521,0.47527525626364914,0.5353654580008254,60min
EURUSD,ny_open,2,oos,312,0.8957335582576673,1.0768303325396036,60min
EURUSD,ny_open,4,is,521,-0.7643247273960294,-0.687673643919061,60min
EURUSD,ny_open,4,oos,312,0.04758525190509999,0.044257308373158916,60min
EURUSD,ny_open,8,is,521,-0.5752905296480614,-0.44112597131230463,60min
EURUSD,ny_open,8,oos,312,-1.064695604201171,-0.7209886272133608,60min
EURUSD,ny_open,12,is,521,0.37094136483697987,0.2586746836194456,60min
EURUSD,ny_open,12,oos,312,0.4563277161772837,0.29668150084104195,60min
EURUSD,ny_open,24,is,521,0.007922908125562358,0.0038410639857425484,60min
EURUSD,ny_open,24,oos,312,-0.017840229820575287,-0.008523569491632497,60min
EURUSD,friday_pm,1,is,783,-0.412293428412846,-1.5268101027173326,60min
EURUSD,friday_pm,1,oos,468,-0.3102028993638461,-1.0301909471084945,60min
EURUSD,friday_pm,2,is,783,-0.7397209564425786,-2.06232202418641,60min
EURUSD,friday_pm,2,oos,468,-0.6107301169561198,-1.6015600039302622,60min
EURUSD,friday_pm,4,is,783,-0.8259936370230847,-2.035513480043218,60min
EURUSD,friday_pm,4,oos,468,-0.8503848335651581,-1.7486976893732986,60min
EURUSD,friday_pm,8,is,783,-0.9251673506745415,-2.275385990265381,60min
EURUSD,friday_pm,8,oos,468,-0.9630930400988074,-1.7049993845360936,60min
EURUSD,friday_pm,12,is,783,-1.1306629034064348,-2.7807882846795495,60min
EURUSD,friday_pm,12,oos,468,-0.8955953607459367,-1.585505735467202,60min
EURUSD,friday_pm,24,is,783,-2.175617929687582,-4.403183130174791,60min
EURUSD,friday_pm,24,oos,468,-1.4752654434958217,-2.1479195464773007,60min
EURUSD,sunday_open,1,is,2065,-0.02021166058006134,-0.17746654918664193,60min
EURUSD,sunday_open,1,oos,1248,-0.14642084808177694,-1.0648764591418274,60min
EURUSD,sunday_open,2,is,2065,0.04754278053478831,0.2940277248539208,60min
EURUSD,sunday_open,2,oos,1248,-0.11824881353727837,-0.5975322478885714,60min
EURUSD,sunday_open,4,is,2065,0.22871752232866308,1.0127156782218145,60min
EURUSD,sunday_open,4,oos,1248,-0.055860260915531916,-0.1996602625966189,60min
EURUSD,sunday_open,8,is,2065,0.7286456984103541,2.1029884988694376,60min
EURUSD,sunday_open,8,oos,1248,0.09179478041410223,0.2352300583162139,60min
EURUSD,sunday_open,12,is,2065,0.8704382812717025,1.7828420901103705,60min
EURUSD,sunday_open,12,oos,1248,0.41578284438236013,0.8004950599327357,60min
EURUSD,sunday_open,24,is,2065,1.6110664252026021,1.803022692582345,60min
EURUSD,sunday_open,24,oos,1248,3.3763905394102145,3.7535760303091155,60min
GBPUSD,asia_break_up,1,is,217,0.6114069938341954,0.792188240066451,60min
GBPUSD,asia_break_up,1,oos,112,0.22200074118621904,0.20604623474658873,60min
GBPUSD,asia_break_up,2,is,217,0.9481596097880648,0.8860210649586625,60min
GBPUSD,asia_break_up,2,oos,112,0.28886101218085614,0.19463363412207738,60min
GBPUSD,asia_break_up,4,is,217,0.7898676066729107,0.4668403164964669,60min
GBPUSD,asia_break_up,4,oos,112,2.1357202649325067,1.069131972260912,60min
GBPUSD,asia_break_up,8,is,217,0.7626845221016931,0.28592523099941325,60min
GBPUSD,asia_break_up,8,oos,112,5.240265832496561,1.5857856559282215,60min
GBPUSD,asia_break_up,12,is,217,2.5474830043507315,0.8436926627616965,60min
GBPUSD,asia_break_up,12,oos,112,6.507762505446392,1.633849023937083,60min
GBPUSD,asia_break_up,24,is,217,1.7409177028499923,0.4968640588391084,60min
GBPUSD,asia_break_up,24,oos,112,6.602464562771148,1.3358717534187883,60min
GBPUSD,asia_break_dn,1,is,186,-0.2718879370413862,-0.25386170255364365,60min
GBPUSD,asia_break_dn,1,oos,113,-0.885319897246115,-0.7334165686398643,60min
GBPUSD,asia_break_dn,2,is,186,1.184449932368714,0.8175549626688046,60min
GBPUSD,asia_break_dn,2,oos,113,0.8180882561760816,0.4903118341479149,60min
GBPUSD,asia_break_dn,4,is,186,2.547125671188956,1.1504381415034801,60min
GBPUSD,asia_break_dn,4,oos,113,-1.3426022698333415,-0.5611379711594202,60min
GBPUSD,asia_break_dn,8,is,186,1.9625309122706294,0.6382659653373909,60min
GBPUSD,asia_break_dn,8,oos,113,-0.9373100208534905,-0.2550728243761874,60min
GBPUSD,asia_break_dn,12,is,186,0.09863507808323276,0.028213060818089195,60min
GBPUSD,asia_break_dn,12,oos,113,-4.707182974958015,-1.1254119077883822,60min
GBPUSD,asia_break_dn,24,is,186,-0.7290131727261621,-0.1775922040434458,60min
GBPUSD,asia_break_dn,24,oos,113,-7.538192042791487,-1.7565522135803662,60min
GBPUSD,compress,1,is,3998,-0.17124648728429828,-1.8435614288412012,60min
GBPUSD,compress,1,oos,2295,-0.27026408140943337,-2.30425165445549,60min
GBPUSD,compress,2,is,3998,-0.25044695155710567,-1.806603643049504,60min
GBPUSD,compress,2,oos,2295,-0.5655628129045507,-3.2751000920806588,60min
GBPUSD,compress,4,is,3998,-0.40059375303917627,-1.8512694298332544,60min
GBPUSD,compress,4,oos,2295,-1.2179287780178276,-4.528242037727976,60min
GBPUSD,compress,8,is,3998,-0.4689964105305632,-1.2425160691696544,60min
GBPUSD,compress,8,oos,2295,-2.114846990410296,-4.235041397420354,60min
GBPUSD,compress,12,is,3998,-0.5096476923341177,-0.9812816542985566,60min
GBPUSD,compress,12,oos,2295,-1.9043665406164754,-2.7439986434885792,60min
GBPUSD,compress,24,is,3998,0.541551948544176,0.7175184997135587,60min
GBPUSD,compress,24,oos,2295,-2.4365248941228184,-2.604113481107786,60min
GBPUSD,expand_up,1,is,1509,-0.19367709456938864,-0.5415478991949351,60min
GBPUSD,expand_up,1,oos,864,-0.020798531300494656,-0.04684429933468905,60min
GBPUSD,expand_up,2,is,1509,-0.6324502792646727,-1.3225326798944623,60min
GBPUSD,expand_up,2,oos,864,0.6560071762021908,1.1355723818460102,60min
GBPUSD,expand_up,4,is,1509,-0.2538998958388558,-0.38533844190568595,60min
GBPUSD,expand_up,4,oos,864,1.2186071696945506,1.4742940496413288,60min
GBPUSD,expand_up,8,is,1509,-0.584473085249598,-0.659693607534465,60min
GBPUSD,expand_up,8,oos,864,2.7531295891104044,2.403617266971557,60min
GBPUSD,expand_up,12,is,1509,-0.5505333521951621,-0.5208273323692213,60min
GBPUSD,expand_up,12,oos,864,4.421238034546985,3.3735652943341545,60min
GBPUSD,expand_up,24,is,1509,-0.5987490584868851,-0.4518147991950032,60min
GBPUSD,expand_up,24,oos,864,5.364865356421944,3.2257295609239245,60min
GBPUSD,expand_dn,1,is,1411,0.03041025001418044,0.07954528342126564,60min
GBPUSD,expand_dn,1,oos,825,0.8193746589351357,1.726727886914129,60min
GBPUSD,expand_dn,2,is,1411,0.05667450428064464,0.10918152729672774,60min
GBPUSD,expand_dn,2,oos,825,0.7441456442155941,1.1439457204188745,60min
GBPUSD,expand_dn,4,is,1411,0.5167508512260711,0.7406181284109933,60min
GBPUSD,expand_dn,4,oos,825,1.810364745452119,2.123999595626753,60min
GBPUSD,expand_dn,8,is,1411,0.964082850574087,1.0392357724639232,60min
GBPUSD,expand_dn,8,oos,825,3.1537701615009355,2.8367347305309973,60min
GBPUSD,expand_dn,12,is,1411,0.48926743673998035,0.4580929229345489,60min
GBPUSD,expand_dn,12,oos,825,5.13540806821695,3.9748706665320355,60min
GBPUSD,expand_dn,24,is,1411,-0.5670604281615662,-0.4156741049754616,60min
GBPUSD,expand_dn,24,oos,825,4.358692376623961,2.3394898611818964,60min
GBPUSD,spike_up,1,is,543,0.3844522875174556,0.6510534949326988,60min
GBPUSD,spike_up,1,oos,293,-0.18116996822367668,-0.2515746982025135,60min
GBPUSD,spike_up,2,is,543,0.45463201518228347,0.5983689941271523,60min
GBPUSD,spike_up,2,oos,293,0.2637238839509531,0.2883649716088146,60min
GBPUSD,spike_up,4,is,543,0.6547520598303888,0.6294419576539958,60min
GBPUSD,spike_up,4,oos,293,-0.2524394742189152,-0.2102408125647309,60min
GBPUSD,spike_up,8,is,543,0.7123586316314524,0.5131430207512946,60min
GBPUSD,spike_up,8,oos,293,1.9636141991471348,1.0734679242513896,60min
GBPUSD,spike_up,12,is,543,1.6719909861211546,0.9484674792683028,60min
GBPUSD,spike_up,12,oos,293,4.298616052496713,2.092936962912501,60min
GBPUSD,spike_up,24,is,543,1.9218437749361834,0.8356412894021795,60min
GBPUSD,spike_up,24,oos,293,9.418677690513762,3.4111686113727595,60min
GBPUSD,spike_dn,1,is,532,0.1211147309187687,0.1905005297492316,60min
GBPUSD,spike_dn,1,oos,279,1.231865372522685,1.5143552937549452,60min
GBPUSD,spike_dn,2,is,532,0.12061292048411257,0.1442729027924917,60min
GBPUSD,spike_dn,2,oos,279,0.81591234346634,0.6989999256505322,60min
GBPUSD,spike_dn,4,is,532,0.2282559161563076,0.19734383473000372,60min
GBPUSD,spike_dn,4,oos,279,2.9827648757878,2.090646255335475,60min
GBPUSD,spike_dn,8,is,532,1.2473013059968394,0.8618202067061994,60min
GBPUSD,spike_dn,8,oos,279,3.9091406404843343,2.0990741329173943,60min
GBPUSD,spike_dn,12,is,532,-0.15564578536561152,-0.09135107094252556,60min
GBPUSD,spike_dn,12,oos,279,7.784514617581646,3.417870029462138,60min
GBPUSD,spike_dn,24,is,532,-0.15137553023285583,-0.06619509447113556,60min
GBPUSD,spike_dn,24,oos,279,9.659701825956034,2.9383261175380007,60min
GBPUSD,london_open,1,is,521,-0.22138487221574465,-0.38924882034164876,60min
GBPUSD,london_open,1,oos,312,-0.5512249914144741,-0.7458640452521799,60min
GBPUSD,london_open,2,is,521,0.1495527123823662,0.19356286232803513,60min
GBPUSD,london_open,2,oos,312,-0.2318578522878679,-0.24186843645115336,60min
GBPUSD,london_open,4,is,521,-0.1926412163101518,-0.1949964083870675,60min
GBPUSD,london_open,4,oos,312,-0.616809496972053,-0.5097061897394025,60min
GBPUSD,london_open,8,is,521,-0.6009254268621481,-0.37683882836249966,60min
GBPUSD,london_open,8,oos,312,2.96810466033553,1.5288214155108772,60min
GBPUSD,london_open,12,is,521,-0.030514819755761032,-0.016344649548170994,60min
GBPUSD,london_open,12,oos,312,1.7631539889630272,0.732062996077371,60min
GBPUSD,london_open,24,is,521,0.010701086452843105,0.005026799620707856,60min
GBPUSD,london_open,24,oos,312,-0.004552378620802828,-0.0016373903631592985,60min
GBPUSD,ny_open,1,is,521,-0.3060297858433546,-0.39225114998379473,60min
GBPUSD,ny_open,1,oos,312,0.4833903932008277,0.5785257500969729,60min
GBPUSD,ny_open,2,is,521,-0.6266469037404665,-0.610054845754911,60min
GBPUSD,ny_open,2,oos,312,1.498911378481393,1.3161487829792216,60min
GBPUSD,ny_open,4,is,521,-0.6322765330088072,-0.46981431048274025,60min
GBPUSD,ny_open,4,oos,312,1.0899212722586031,0.7399215153139296,60min
GBPUSD,ny_open,8,is,521,0.028249237245363268,0.018557955031408724,60min
GBPUSD,ny_open,8,oos,312,-0.6008055960748282,-0.3160411661778471,60min
GBPUSD,ny_open,12,is,521,0.05009938369918872,0.0308093032380969,60min
GBPUSD,ny_open,12,oos,312,0.3392757838345823,0.1701548571599747,60min
GBPUSD,ny_open,24,is,521,0.01070108645284324,0.004744210532839446,60min
GBPUSD,ny_open,24,oos,312,-0.02105878887722089,-0.00753771334056489,60min
GBPUSD,friday_pm,1,is,783,-0.2755164543240101,-0.8528606984303685,60min
GBPUSD,friday_pm,1,oos,468,-0.013030546970024428,-0.03341214063217389,60min
GBPUSD,friday_pm,2,is,783,-0.4489894859149635,-1.0726225972535057,60min
GBPUSD,friday_pm,2,oos,468,-0.05450742493740541,-0.11031056687064901,60min
GBPUSD,friday_pm,4,is,783,-0.4531513856230021,-0.9757567974594739,60min
GBPUSD,friday_pm,4,oos,468,-0.048807360219948,-0.08002731209220089,60min
GBPUSD,friday_pm,8,is,783,-0.6325479819740008,-1.3913822764597725,60min
GBPUSD,friday_pm,8,oos,468,-0.23136115163029314,-0.3392424629858022,60min
GBPUSD,friday_pm,12,is,783,-0.878164246268792,-1.9316513575238525,60min
GBPUSD,friday_pm,12,oos,468,-0.2366323358233704,-0.3469715458327308,60min
GBPUSD,friday_pm,24,is,783,-2.1399069641816673,-4.231483791623286,60min
GBPUSD,friday_pm,24,oos,468,-1.6543387034071129,-2.003658460041542,60min
GBPUSD,sunday_open,1,is,2065,-0.08803844864028383,-0.8890362165406795,60min
GBPUSD,sunday_open,1,oos,1248,-0.2863211452606097,-1.7050769648290662,60min
GBPUSD,sunday_open,2,is,2065,-0.09658537185684202,-0.7063307686066718,60min
GBPUSD,sunday_open,2,oos,1248,-0.37516714715963884,-1.5866116206732261,60min
GBPUSD,sunday_open,4,is,2065,-0.030749436207619954,-0.15266102163308534,60min
GBPUSD,sunday_open,4,oos,1248,-0.5405675097926478,-1.6069179353376308,60min
GBPUSD,sunday_open,8,is,2065,0.27034132128936894,0.8286056048244451,60min
GBPUSD,sunday_open,8,oos,1248,-0.9114626473569183,-1.9783783377460429,60min
GBPUSD,sunday_open,12,is,2065,0.3717710618371949,0.789023534283911,60min
GBPUSD,sunday_open,12,oos,1248,-0.8769902418064518,-1.4349617316700434,60min
GBPUSD,sunday_open,24,is,2065,2.894719155634404,3.123269235060574,60min
GBPUSD,sunday_open,24,oos,1248,6.20466236496874,6.023892748060455,60min
AUDUSD,asia_break_up,1,is,136,-0.46919463460948174,-0.8092339498771061,60min
AUDUSD,asia_break_up,2,is,136,0.24249308372216952,0.32597929630312,60min
AUDUSD,asia_break_up,4,is,136,-0.8227344207910482,-0.6801460988078051,60min
AUDUSD,asia_break_up,8,is,136,-0.059807076876120226,-0.028973375434323427,60min
AUDUSD,asia_break_up,12,is,136,1.4645173258622817,0.605593848945902,60min
AUDUSD,asia_break_up,24,is,136,-1.4123232246265818,-0.5045986121721452,60min
AUDUSD,asia_break_dn,1,is,139,0.747153757265101,1.2806929163068659,60min
AUDUSD,asia_break_dn,2,is,139,-0.30317449985810624,-0.3398940712956277,60min
AUDUSD,asia_break_dn,4,is,139,-0.9225360500758075,-0.6155607051837549,60min
AUDUSD,asia_break_dn,8,is,139,0.5621221444526016,0.23536291102944856,60min
AUDUSD,asia_break_dn,12,is,139,0.561888252650109,0.19847272292949136,60min
AUDUSD,asia_break_dn,24,is,139,3.0681835464270177,0.96542098639021,60min
AUDUSD,compress,1,is,2745,0.1762225677905625,2.0479239456882223,60min
AUDUSD,compress,1,oos,1680,-0.23409949454642665,-2.2556393388053912,60min
AUDUSD,compress,2,is,2745,0.18455806818585893,1.4501642255396352,60min
AUDUSD,compress,2,oos,1680,-0.4843354283054056,-3.269823071729465,60min
AUDUSD,compress,4,is,2745,0.2679321655156261,1.422079307586816,60min
AUDUSD,compress,4,oos,1680,-0.8655101090715593,-4.195010820934156,60min
AUDUSD,compress,8,is,2745,0.22624684469244058,0.8771366795457011,60min
AUDUSD,compress,8,oos,1680,-1.4132237629688937,-4.209702534680171,60min
AUDUSD,compress,12,is,2745,-0.015274541704508746,-0.04071415096602527,60min
AUDUSD,compress,12,oos,1680,-1.287419027666954,-3.0203761839771905,60min
AUDUSD,compress,24,is,2745,1.29580197627339,2.197926844979608,60min
AUDUSD,compress,24,oos,1680,-0.552264066241048,-0.8137717397113818,60min
AUDUSD,expand_up,1,is,1169,-0.18159368105445983,-0.644527320673396,60min
AUDUSD,expand_up,1,oos,697,0.08669472558065601,0.2794656491970402,60min
AUDUSD,expand_up,2,is,1169,-0.2603216649318285,-0.7252157290624368,60min
AUDUSD,expand_up,2,oos,697,0.30699992900829537,0.7583043184302524,60min
AUDUSD,expand_up,4,is,1169,-0.28813691412369735,-0.5892629384312235,60min
AUDUSD,expand_up,4,oos,697,0.3863692036291708,0.6955881037322481,60min
AUDUSD,expand_up,8,is,1169,-0.46369897794797005,-0.765512659345782,60min
AUDUSD,expand_up,8,oos,697,0.745792727773791,0.9863841215228177,60min
AUDUSD,expand_up,12,is,1169,0.5284891720857052,0.7080738535764038,60min
AUDUSD,expand_up,12,oos,697,1.4521706679674078,1.6528585812558247,60min
AUDUSD,expand_up,24,is,1169,-0.5234507594728903,-0.5441881385593573,60min
AUDUSD,expand_up,24,oos,697,2.7750866118351,2.432832578091791,60min
AUDUSD,expand_dn,1,is,1166,-0.2034286927267567,-0.7826094705261216,60min
AUDUSD,expand_dn,1,oos,695,0.8681153050424982,2.666823172960079,60min
AUDUSD,expand_dn,2,is,1166,0.1352095099152712,0.3784441877006027,60min
AUDUSD,expand_dn,2,oos,695,1.4610180746065933,3.223951555315963,60min
AUDUSD,expand_dn,4,is,1166,0.5751788826092538,1.1896146454762695,60min
AUDUSD,expand_dn,4,oos,695,1.997567143412203,3.2767268997954857,60min
AUDUSD,expand_dn,8,is,1166,1.1343629110160593,1.7064585965142622,60min
AUDUSD,expand_dn,8,oos,695,2.4387574377848216,3.260988196909686,60min
AUDUSD,expand_dn,12,is,1166,1.0353994265583992,1.3284283883020782,60min
AUDUSD,expand_dn,12,oos,695,3.1691733412950773,3.635074621066317,60min
AUDUSD,expand_dn,24,is,1166,0.21443618411113616,0.21354722129027418,60min
AUDUSD,expand_dn,24,oos,695,3.720649816938169,3.1436577509619403,60min
AUDUSD,spike_up,1,is,442,-0.5990871685461621,-1.4369583358487596,60min
AUDUSD,spike_up,1,oos,273,-0.4449603004072106,-0.878123804038065,60min
AUDUSD,spike_up,2,is,442,-0.650210536187384,-1.269271162846902,60min
AUDUSD,spike_up,2,oos,273,0.07250752041262341,0.12332226675341773,60min
AUDUSD,spike_up,4,is,442,-0.41637129861907296,-0.552541034407066,60min
AUDUSD,spike_up,4,oos,273,0.9684367773754525,1.1226050839123058,60min
AUDUSD,spike_up,8,is,442,-0.5500502895458068,-0.5913879059202464,60min
AUDUSD,spike_up,8,oos,273,1.6638160721960027,1.5726030759211975,60min
AUDUSD,spike_up,12,is,442,1.4126508100250916,1.221481074572145,60min
AUDUSD,spike_up,12,oos,273,0.578814946692087,0.41749604761236203,60min
AUDUSD,spike_up,24,is,442,-1.2590992427261254,-0.8248350994995749,60min
AUDUSD,spike_up,24,oos,273,3.224473571121666,1.777048435191661,60min
AUDUSD,spike_dn,1,is,435,0.12655671765549847,0.26834076206184276,60min
AUDUSD,spike_dn,1,oos,225,1.0862655848186478,1.8026306687956364,60min
AUDUSD,spike_dn,2,is,435,0.5174812514029784,0.852565523850012,60min
AUDUSD,spike_dn,2,oos,225,1.643249889154951,1.9682517988774022,60min
AUDUSD,spike_dn,4,is,435,0.505652157978419,0.5649464745389953,60min
AUDUSD,spike_dn,4,oos,225,2.3820851290237037,1.9645846486464107,60min
AUDUSD,spike_dn,8,is,435,1.7508445458418658,1.3867676582616795,60min
AUDUSD,spike_dn,8,oos,225,2.124778221158151,1.507470692578183,60min
AUDUSD,spike_dn,12,is,435,1.6996001520961572,1.1887994537340976,60min
AUDUSD,spike_dn,12,oos,225,3.1014083532854895,2.01842134521945,60min
AUDUSD,spike_dn,24,is,435,1.7177088916681564,0.9402612821381883,60min
AUDUSD,spike_dn,24,oos,225,3.2298728385209117,1.5339724885149582,60min
AUDUSD,london_open,1,is,519,-0.4287711675348585,-1.2464278515662328,60min
AUDUSD,london_open,1,oos,311,-0.042889113287817325,-0.11450568902784636,60min
AUDUSD,london_open,2,is,519,-0.4087947435475178,-0.9246807996954055,60min
AUDUSD,london_open,2,oos,311,0.1802280956572188,0.3721042148331644,60min
AUDUSD,london_open,4,is,519,-0.8869536489447628,-1.5097441210839002,60min
AUDUSD,london_open,4,oos,311,-0.3019405944489847,-0.44252390719675244,60min
AUDUSD,london_open,8,is,519,-1.0881654867141264,-1.054520131123704,60min
AUDUSD,london_open,8,oos,311,1.5714241661384372,1.3472233073121573,60min
AUDUSD,london_open,12,is,519,-1.0891846462561254,-0.8605079537479802,60min
AUDUSD,london_open,12,oos,311,0.46649088276026346,0.3343418891967191,60min
AUDUSD,london_open,24,is,519,0.01772749508321079,0.012103902896382968,60min
AUDUSD,london_open,24,oos,311,0.0389789478456409,0.020920538179670347,60min
AUDUSD,ny_open,1,is,519,-0.4547827282284864,-0.9185542851434143,60min
AUDUSD,ny_open,1,oos,311,0.41932953622985425,0.7988629831460999,60min
AUDUSD,ny_open,2,is,519,-0.4440548591544648,-0.656630176668285,60min
AUDUSD,ny_open,2,oos,311,1.087945137457861,1.5007632923806304,60min
AUDUSD,ny_open,4,is,519,-1.1135432443204445,-1.2819293903510436,60min
AUDUSD,ny_open,4,oos,311,0.4146188910815333,0.4459070610117132,60min
AUDUSD,ny_open,8,is,519,-0.35618090097232613,-0.3509429450991194,60min
AUDUSD,ny_open,8,oos,311,-0.5895083097457772,-0.490716075170515,60min
AUDUSD,ny_open,12,is,519,-0.25671836494592987,-0.2257035352731703,60min
AUDUSD,ny_open,12,oos,311,0.026297956715226316,0.020124381927540125,60min
AUDUSD,ny_open,24,is,519,0.020328651152575213,0.013456454787451189,60min
AUDUSD,ny_open,24,oos,311,-0.022114299742784272,-0.012612061431272947,60min
AUDUSD,friday_pm,1,is,783,-0.3281303832384753,-1.5683436450395156,60min
AUDUSD,friday_pm,1,oos,468,-0.3793925348394536,-1.4853822315018441,60min
AUDUSD,friday_pm,2,is,783,-0.533719259452692,-1.9968751382832526,60min
AUDUSD,friday_pm,2,oos,468,-0.6122757518706959,-1.9412901958289464,60min
AUDUSD,friday_pm,4,is,783,-0.605816552111002,-2.0095166786675973,60min
AUDUSD,friday_pm,4,oos,468,-0.9597225632839883,-2.562995117033218,60min
AUDUSD,friday_pm,8,is,783,-0.6635488130342628,-2.2676610125329746,60min
AUDUSD,friday_pm,8,oos,468,-1.4292089583290275,-3.5595243118513227,60min
AUDUSD,friday_pm,12,is,783,-0.5358404609306977,-1.8282099384264645,60min
AUDUSD,friday_pm,12,oos,468,-1.7510232706461326,-4.361020735393006,60min
AUDUSD,friday_pm,24,is,783,-0.37745075073288714,-1.11853833622527,60min
AUDUSD,friday_pm,24,oos,468,-3.4320587854107143,-5.917311805194134,60min
AUDUSD,sunday_open,1,is,2041,0.04956617324129874,0.6993820041518646,60min
AUDUSD,sunday_open,1,oos,1248,-0.19710086817279907,-1.368514022870492,60min
AUDUSD,sunday_open,2,is,2041,0.16966149885888326,1.726644092121671,60min
AUDUSD,sunday_open,2,oos,1248,-0.2865412433237265,-1.4824984685182026,60min
AUDUSD,sunday_open,4,is,2041,0.4860157953659758,3.2024738527197147,60min
AUDUSD,sunday_open,4,oos,1248,-0.30054788379684555,-1.1442855039436939,60min
AUDUSD,sunday_open,8,is,2041,1.0463334035687997,4.172828809190244,60min
AUDUSD,sunday_open,8,oos,1248,-0.2643718856795119,-0.7659634726976051,60min
AUDUSD,sunday_open,12,is,2041,1.505083152878922,4.559533200717313,60min
AUDUSD,sunday_open,12,oos,1248,0.09534425072132545,0.21197369779993638,60min
AUDUSD,sunday_open,24,is,2041,3.457706244779919,6.0888234238947785,60min
AUDUSD,sunday_open,24,oos,1248,3.712706171854172,5.265108363354848,60min
USDJPY,asia_break_up,1,is,140,2.414624364676141,1.4432590840142616,60min
USDJPY,asia_break_up,2,is,140,5.605677300780641,2.7207783524435136,60min
USDJPY,asia_break_up,4,is,140,8.232783172989821,2.7375512104032222,60min
USDJPY,asia_break_up,8,is,140,11.939137774550982,2.496049131646432,60min
USDJPY,asia_break_up,12,is,140,10.385849518969172,1.7567015705874556,60min
USDJPY,asia_break_up,24,is,140,12.667177232710365,1.8445377786606392,60min
USDJPY,asia_break_dn,1,is,124,0.43397920338549845,0.2624407645096568,60min
USDJPY,asia_break_dn,2,is,124,0.8348938906422199,0.36528558295614544,60min
USDJPY,asia_break_dn,4,is,124,-6.79755092839285,-1.5675430696135018,60min
USDJPY,asia_break_dn,8,is,124,-7.855182501947035,-1.3856298073249917,60min
USDJPY,asia_break_dn,12,is,124,-9.784588269049726,-1.517137506679512,60min
USDJPY,asia_break_dn,24,is,124,-19.385576223511038,-2.295038832445283,60min
USDJPY,compress,1,is,2896,-0.15626651930192037,-0.8044882362594009,60min
USDJPY,compress,1,oos,1667,-0.4077960505265348,-2.0088637327756325,60min
USDJPY,compress,2,is,2896,-0.3274156352889402,-1.1733338671974909,60min
USDJPY,compress,2,oos,1667,-0.7543145201765522,-2.6376143237963956,60min
USDJPY,compress,4,is,2896,-0.485597845163497,-1.1982050233174248,60min
USDJPY,compress,4,oos,1667,-1.4106459394473718,-3.4932806738760864,60min
USDJPY,compress,8,is,2896,-0.4428635080065035,-0.6729462886566835,60min
USDJPY,compress,8,oos,1667,-1.986873726611413,-2.55082402211204,60min
USDJPY,compress,12,is,2896,-0.27357530344620934,-0.30869201196681156,60min
USDJPY,compress,12,oos,1667,-0.607799860618444,-0.6125034365123762,60min
USDJPY,compress,24,is,2896,-5.463814282680604,-3.5851405175645934,60min
USDJPY,compress,24,oos,1667,-0.2471637196902168,-0.1544495851393916,60min
USDJPY,expand_up,1,is,1173,-0.06420129602301702,-0.08871781333484158,60min
USDJPY,expand_up,1,oos,617,-0.23423564105252517,-0.3626237809880397,60min
USDJPY,expand_up,2,is,1173,0.16004583080126045,0.1693621102415401,60min
USDJPY,expand_up,2,oos,617,0.2341717209868049,0.28429122826834125,60min
USDJPY,expand_up,4,is,1173,0.9159143384993645,0.7717072716966654,60min
USDJPY,expand_up,4,oos,617,0.7570097352522532,0.70356179494752,60min
USDJPY,expand_up,8,is,1173,0.6635422319858884,0.39189874850512174,60min
USDJPY,expand_up,8,oos,617,4.226449735114381,2.950490014785673,60min
USDJPY,expand_up,12,is,1173,4.3089109609370135,2.1767773862372164,60min
USDJPY,expand_up,12,oos,617,3.776457323601042,2.0887270265105475,60min
USDJPY,expand_up,24,is,1173,5.436510444255662,2.036844003222484,60min
USDJPY,expand_up,24,oos,617,1.5828950335510767,0.5703047201037674,60min
USDJPY,expand_dn,1,is,1175,-0.06302457149421412,-0.09368881490047927,60min
USDJPY,expand_dn,1,oos,653,0.543535076816222,0.7844928733751716,60min
USDJPY,expand_dn,2,is,1175,-0.2779214834140086,-0.285805841579176,60min
USDJPY,expand_dn,2,oos,653,0.7464697793188374,0.7841384439773608,60min
USDJPY,expand_dn,4,is,1175,-1.2515876476790524,-0.9722920790681013,60min
USDJPY,expand_dn,4,oos,653,-0.7127206699835222,-0.46214002781298497,60min
USDJPY,expand_dn,8,is,1175,0.2303140663440679,0.1305295046960254,60min
USDJPY,expand_dn,8,oos,653,-2.4286074625594107,-1.280918630897074,60min
USDJPY,expand_dn,12,is,1175,1.1840881207927165,0.5771767774971123,60min
USDJPY,expand_dn,12,oos,653,-2.23311686459887,-1.030658324717397,60min
USDJPY,expand_dn,24,is,1175,6.600146837573366,2.5010915473537887,60min
USDJPY,expand_dn,24,oos,653,-3.4486459653542565,-1.2570739292031605,60min
USDJPY,spike_up,1,is,426,0.9417957261783265,0.7741674261533734,60min
USDJPY,spike_up,1,oos,238,0.0695526814078433,0.0635235549720967,60min
USDJPY,spike_up,2,is,426,1.6296008420281234,1.0469578614462147,60min
USDJPY,spike_up,2,oos,238,-0.2670782279391878,-0.18636772562077675,60min
USDJPY,spike_up,4,is,426,1.7057979281876356,0.8662128594401131,60min
USDJPY,spike_up,4,oos,238,-0.5446454000595413,-0.30945460536091934,60min
USDJPY,spike_up,8,is,426,-0.4151647070052623,-0.151384063310633,60min
USDJPY,spike_up,8,oos,238,3.9700702627420354,1.6586608581830868,60min
USDJPY,spike_up,12,is,426,3.8092951930131242,1.1503813472608473,60min
USDJPY,spike_up,12,oos,238,3.1708010578532644,1.1073860035554564,60min
USDJPY,spike_up,24,is,426,3.620544100583999,0.8153114423956096,60min
USDJPY,spike_up,24,oos,238,3.0466073580271575,0.7935147684151407,60min
USDJPY,spike_dn,1,is,433,-0.03863776003530118,-0.03428531178912289,60min
USDJPY,spike_dn,1,oos,244,-0.4849227973082753,-0.34142325597413165,60min
USDJPY,spike_dn,2,is,433,0.4584057732318205,0.261118180936525,60min
USDJPY,spike_dn,2,oos,244,-2.004321649898135,-0.9781502469405648,60min
USDJPY,spike_dn,4,is,433,-0.6148281764000342,-0.2736138451577092,60min
USDJPY,spike_dn,4,oos,244,-6.060577346608363,-1.7238671876682723,60min
USDJPY,spike_dn,8,is,433,0.4524452638281421,0.1450195105974163,60min
USDJPY,spike_dn,8,oos,244,-8.560273104112948,-2.0846482122836796,60min
USDJPY,spike_dn,12,is,433,1.9321898356960476,0.5414182873461851,60min
USDJPY,spike_dn,12,oos,244,-9.371069378845869,-2.1426957709252443,60min
USDJPY,spike_dn,24,is,433,7.015212534590658,1.5606358761975336,60min
USDJPY,spike_dn,24,oos,244,-12.557074278561876,-2.4366929043500036,60min
USDJPY,london_open,1,is,521,1.514888280222888,1.6218732520760923,60min
USDJPY,london_open,1,oos,311,1.0721425919699894,1.2315374827620627,60min
USDJPY,london_open,2,is,521,1.240908998065985,1.0433808006942655,60min
USDJPY,london_open,2,oos,311,1.0500547667377078,0.8235772062120109,60min
USDJPY,london_open,4,is,521,1.465215308991811,0.9420523897860535,60min
USDJPY,london_open,4,oos,311,1.0811692666432393,0.6052466588304879,60min
USDJPY,london_open,8,is,521,0.983597604547939,0.37757437138656097,60min
USDJPY,london_open,8,oos,311,-1.555399217654777,-0.5435679513037169,60min
USDJPY,london_open,12,is,521,3.0288513012556884,1.0005675483335896,60min
USDJPY,london_open,12,oos,311,0.8086648207217482,0.24245935799371765,60min
USDJPY,london_open,24,is,521,0.004993245871611309,0.0012987397229306543,60min
USDJPY,london_open,24,oos,311,0.07989925999679996,0.019751595636197154,60min
USDJPY,ny_open,1,is,521,-1.0612153666100776,-0.9338471827506054,60min
USDJPY,ny_open,1,oos,311,-1.7498831315025505,-1.2630393195514977,60min
USDJPY,ny_open,2,is,521,-1.1486303493428833,-0.7933476402622224,60min
USDJPY,ny_open,2,oos,311,-1.4476944294036527,-0.8500027005369132,60min
USDJPY,ny_open,4,is,521,0.6961174203161636,0.3768678051754737,60min
USDJPY,ny_open,4,oos,311,-0.8710815372150941,-0.4608763064248682,60min
USDJPY,ny_open,8,is,521,0.8990486602101582,0.3966024638592775,60min
USDJPY,ny_open,8,oos,311,2.4738612325061786,0.982555822247556,60min
USDJPY,ny_open,12,is,521,-1.0334327678420956,-0.3898236628090967,60min
USDJPY,ny_open,12,oos,311,0.3339059782782322,0.12253171950786097,60min
USDJPY,ny_open,24,is,521,0.00499324587161,0.0012677862647048647,60min
USDJPY,ny_open,24,oos,311,-0.15739977537298203,-0.041374498906755784,60min
USDJPY,friday_pm,1,is,783,0.32798643364152097,0.7441412659628353,60min
USDJPY,friday_pm,1,oos,468,-0.3777278974904503,-0.5757909470636157,60min
USDJPY,friday_pm,2,is,783,0.69186047903271,1.1770881550149577,60min
USDJPY,friday_pm,2,oos,468,-0.5080329431586079,-0.5658314325684478,60min
USDJPY,friday_pm,4,is,783,1.1646915838636436,1.7405835779674024,60min
USDJPY,friday_pm,4,oos,468,-1.3432924229711622,-1.0981932699224612,60min
USDJPY,friday_pm,8,is,783,1.7053090936531905,2.5668543088098605,60min
USDJPY,friday_pm,8,oos,468,-2.519342040640904,-1.758009685597402,60min
USDJPY,friday_pm,12,is,783,1.51380655235713,2.2786020939455214,60min
USDJPY,friday_pm,12,oos,468,-3.1207120858656987,-2.17764876083166,60min
USDJPY,friday_pm,24,is,783,0.47694643541044673,0.6170398267084588,60min
USDJPY,friday_pm,24,oos,468,-3.528326205141827,-2.188157307169836,60min
USDJPY,sunday_open,1,is,2065,-0.03635021159521004,-0.21279548143163016,60min
USDJPY,sunday_open,1,oos,1248,0.2815803290052592,1.0744928431060412,60min
USDJPY,sunday_open,2,is,2065,-0.29979485418314267,-1.1452815244030008,60min
USDJPY,sunday_open,2,oos,1248,0.3321780611148652,0.8947449265485999,60min
USDJPY,sunday_open,4,is,2065,-0.7720110158723312,-1.896198351496197,60min
USDJPY,sunday_open,4,oos,1248,0.3351397351484726,0.6129330432075821,60min
USDJPY,sunday_open,8,is,2065,-2.6691309905824516,-3.8583399201114625,60min
USDJPY,sunday_open,8,oos,1248,0.42645122858985574,0.4907050066793172,60min
USDJPY,sunday_open,12,is,2065,-4.038236437447537,-4.064965007344351,60min
USDJPY,sunday_open,12,oos,1248,0.8125811833650646,0.7131233483684918,60min
USDJPY,sunday_open,24,is,2065,-4.224457149856588,-2.553080303321656,60min
USDJPY,sunday_open,24,oos,1248,0.9683217649436054,0.5364991278612669,60min
EURUSD,asia_break_up,1,is,102,0.877645899679094,0.373187871774675,240min
EURUSD,asia_break_up,2,is,102,2.5484290542600334,0.6329010083434771,240min
EURUSD,asia_break_up,4,is,102,4.338034579108402,0.9678277446675042,240min
EURUSD,asia_break_up,8,is,102,-1.9056456434472884,-0.3318659931763565,240min
EURUSD,asia_break_up,12,is,102,-0.32916864941384444,-0.05138355475255352,240min
EURUSD,asia_break_up,24,is,102,1.1941875007623877,0.14264382028014036,240min
EURUSD,compress,1,is,675,-0.057720113392769175,-0.10016595113109086,240min
EURUSD,compress,1,oos,381,0.40650018747655947,0.5684819246380377,240min
EURUSD,compress,2,is,675,-0.17203281937811996,-0.1932088305528938,240min
EURUSD,compress,2,oos,381,0.4093983706582332,0.4081291906960975,240min
EURUSD,compress,4,is,675,-0.14547304616369813,-0.10678141096318523,240min
EURUSD,compress,4,oos,381,1.008742679892275,0.692238441554241,240min
EURUSD,compress,8,is,675,-2.0172513079350862,-1.064526834194003,240min
EURUSD,compress,8,oos,379,1.9075326865317856,0.951492506333017,240min
EURUSD,compress,12,is,675,-3.4870183226162643,-1.5587325591298837,240min
EURUSD,compress,12,oos,377,4.424950273891145,1.6045848866561345,240min
EURUSD,compress,24,is,675,-3.8285880983658824,-1.0758077702230475,240min
EURUSD,compress,24,oos,377,-0.8445022456703036,-0.21600183663166483,240min
EURUSD,expand_up,1,is,356,-0.41096668018428184,-0.3444402633670455,240min
EURUSD,expand_up,1,oos,220,0.441311688311704,0.34465288057488774,240min
EURUSD,expand_up,2,is,356,-0.638646843514722,-0.3823113810671222,240min
EURUSD,expand_up,2,oos,220,1.2032142857143053,0.689163830292991,240min
EURUSD,expand_up,4,is,356,-2.0576307656811026,-0.9772871722742114,240min
EURUSD,expand_up,4,oos,220,1.6733961038961127,0.7411201792952076,240min
EURUSD,expand_up,8,is,356,1.3935254294762691,0.48209562462989725,240min
EURUSD,expand_up,8,oos,220,-0.14197678816249137,-0.044393295794301395,240min
EURUSD,expand_up,12,is,356,1.147241352789297,0.31193797865727174,240min
EURUSD,expand_up,12,oos,220,0.11104564403803666,0.030097372004931146,240min
EURUSD,expand_up,24,is,356,-2.605760174936954,-0.5177958399151367,240min
EURUSD,expand_up,24,oos,219,-2.5216076076364082,-0.5191914424318845,240min
EURUSD,expand_dn,1,is,361,-1.3361787160397989,-1.3598151326912937,240min
EURUSD,expand_dn,1,oos,198,0.704139971139856,0.6365220148024686,240min
EURUSD,expand_dn,2,is,361,-0.5170942741847648,-0.4013211155888407,240min
EURUSD,expand_dn,2,oos,198,1.7492496392496355,1.1766178148582296,240min
EURUSD,expand_dn,4,is,361,0.6496064654808067,0.37399755311351507,240min
EURUSD,expand_dn,4,oos,198,0.4101385281385257,0.23107597760183704,240min
EURUSD,expand_dn,8,is,361,-1.147320457417034,-0.3900250296934919,240min
EURUSD,expand_dn,8,oos,198,0.2573161411303942,0.08810683805737164,240min
EURUSD,expand_dn,12,is,361,4.294563087048159,1.1799306291246454,240min
EURUSD,expand_dn,12,oos,198,1.3677375632299014,0.38462538381202616,240min
EURUSD,expand_dn,24,is,361,4.493842598258612,0.9437039588636358,240min
EURUSD,expand_dn,24,oos,196,1.6312847136756201,0.3386529745397965,240min
EURUSD,spike_dn,1,is,101,-0.8314736887503923,-0.5211871200330377,240min
EURUSD,spike_dn,2,is,101,-0.5773038131441833,-0.2775869542276224,240min
EURUSD,spike_dn,4,is,101,1.0914319776719692,0.33919658254580565,240min
EURUSD,spike_dn,8,is,101,5.191680118540691,0.8823148826012465,240min
EURUSD,spike_dn,12,is,101,9.526543833599234,1.3703941849913635,240min
EURUSD,spike_dn,24,is,101,8.961698663643528,1.065861757994933,240min
EURUSD,friday_pm,1,is,174,-1.4435170482587687,-1.594743236038951,240min
EURUSD,friday_pm,1,oos,104,-1.365008241758293,-1.1337566256427518,240min
EURUSD,friday_pm,2,is,174,-1.4959421424945087,-1.6043219616152353,240min
EURUSD,friday_pm,2,oos,104,-1.686060189810179,-1.2051509948974453,240min
EURUSD,friday_pm,4,is,174,-1.89849348039121,-2.036037823960255,240min
EURUSD,friday_pm,4,oos,104,-1.568605644355633,-1.1211976086747926,240min
EURUSD,friday_pm,8,is,174,-2.330662546760246,-1.5940241864483173,240min
EURUSD,friday_pm,8,oos,104,-3.2714086063443446,-1.6017758379234341,240min
EURUSD,friday_pm,12,is,174,-0.7541179394745544,-0.20745243936277336,240min
EURUSD,friday_pm,12,oos,104,2.4426890006814963,0.6801255277760848,240min
EURUSD,friday_pm,24,is,174,-3.525876731826931,-0.6039557133555185,240min
EURUSD,friday_pm,24,oos,102,5.695965586024556,0.8243296304119246,240min
EURUSD,sunday_open,1,is,517,-0.07680758384194257,-0.2145201729364892,240min
EURUSD,sunday_open,1,oos,312,-0.5876043956044281,-1.1090728502917087,240min
EURUSD,sunday_open,2,is,517,0.1923229367648433,0.311352189512572,240min
EURUSD,sunday_open,2,oos,312,-0.5775666000666221,-0.7668122704866445,240min
EURUSD,sunday_open,4,is,517,0.7017638619242743,0.5819264891727511,240min
EURUSD,sunday_open,4,oos,312,0.416811022311002,0.3399029883022761,240min
EURUSD,sunday_open,8,is,517,0.6371796684959558,0.30938594587631196,240min
EURUSD,sunday_open,8,oos,311,4.253169367932276,2.1559293810820903,240min
EURUSD,sunday_open,12,is,517,-1.9881410391431642,-0.8287202676717675,240min
EURUSD,sunday_open,12,oos,307,5.214284465477315,1.8361958983865472,240min
EURUSD,sunday_open,24,is,517,-0.9809196407398889,-0.23635478086254544,240min
EURUSD,sunday_open,24,oos,306,2.173089769031242,0.5069023584683969,240min
GBPUSD,asia_break_up,1,is,123,2.504549455886723,1.354735296852856,240min
GBPUSD,asia_break_up,2,is,123,0.5973102938871586,0.16532575941418157,240min
GBPUSD,asia_break_up,4,is,123,4.078766929237781,1.00359855095086,240min
GBPUSD,asia_break_up,8,is,123,-3.8313839098251634,-0.654907666431615,240min
GBPUSD,asia_break_up,12,is,123,-7.034794167792115,-1.0158742409537058,240min
GBPUSD,asia_break_up,24,is,123,-1.7573407247761754,-0.1860646173882473,240min
GBPUSD,asia_break_dn,1,is,105,-0.3615248762856475,-0.14207613819426462,240min
GBPUSD,asia_break_dn,2,is,105,-2.335430704951709,-0.6237265229646208,240min
GBPUSD,asia_break_dn,4,is,105,-2.935147124188991,-0.6609688348234516,240min
GBPUSD,asia_break_dn,8,is,105,-4.595146976027704,-0.7737989993057551,240min
GBPUSD,asia_break_dn,12,is,105,-3.2254561886983764,-0.44918667932450423,240min
GBPUSD,asia_break_dn,24,is,105,-19.774588111535998,-2.0013236103525784,240min
GBPUSD,compress,1,is,669,0.3367070263412101,0.5171375018796932,240min
GBPUSD,compress,1,oos,410,0.7319984162178952,0.8690195576396365,240min
GBPUSD,compress,2,is,669,0.8475545609036647,0.8369422346389332,240min
GBPUSD,compress,2,oos,410,1.7864909724420857,1.5099782226730047,240min
GBPUSD,compress,4,is,669,1.8722391666504101,1.204498885218413,240min
GBPUSD,compress,4,oos,410,4.7564349065566915,2.77153091181079,240min
GBPUSD,compress,8,is,669,3.337503034649451,1.5472288664430753,240min
GBPUSD,compress,8,oos,408,7.966972561255283,3.3080267077037444,240min
GBPUSD,compress,12,is,669,4.306249982559519,1.6813129139663239,240min
GBPUSD,compress,12,oos,406,7.365942532158254,2.417388256222063,240min
GBPUSD,compress,24,is,669,1.3943527383467538,0.3550377384588959,240min
GBPUSD,compress,24,oos,406,7.499722438203953,1.5116221476127911,240min
GBPUSD,expand_up,1,is,348,1.1426171598394639,0.9114626458785289,240min
GBPUSD,expand_up,1,oos,222,2.206802854802902,1.2466110871554554,240min
GBPUSD,expand_up,2,is,348,1.516699836920351,0.8426739937112103,240min
GBPUSD,expand_up,2,oos,222,4.726664560664673,2.0369886147699896,240min
GBPUSD,expand_up,4,is,348,-1.8523761882282312,-0.8071640202851988,240min
GBPUSD,expand_up,4,oos,222,4.927937872937834,1.6456159527500593,240min
GBPUSD,expand_up,8,is,348,0.2057971947442841,0.058665604055751636,240min
GBPUSD,expand_up,8,oos,222,3.509116175457929,0.8868563166005026,240min
GBPUSD,expand_up,12,is,348,-3.2448691607836118,-0.7728652052995763,240min
GBPUSD,expand_up,12,oos,222,3.471516579111773,0.760244150086857,240min
GBPUSD,expand_up,24,is,348,-10.893225221552294,-1.9173680631522845,240min
GBPUSD,expand_up,24,oos,221,4.440493229279207,0.7169569743859033,240min
GBPUSD,expand_dn,1,is,348,-0.0033598516548183047,-0.002610213523247171,240min
GBPUSD,expand_dn,1,oos,195,0.5095124875125185,0.2766597103149805,240min
GBPUSD,expand_dn,2,is,348,-0.526259933194594,-0.3370247754330198,240min
GBPUSD,expand_dn,2,oos,195,1.8299493839493663,0.8640124586194389,240min
GBPUSD,expand_dn,4,is,348,0.7970490991281423,0.37555227971813315,240min
GBPUSD,expand_dn,4,oos,195,1.2377888777889843,0.4522249196784673,240min
GBPUSD,expand_dn,8,is,348,-0.35569705812929603,-0.11214654788606833,240min
GBPUSD,expand_dn,8,oos,195,3.1008036321453614,0.6858121294889953,240min
GBPUSD,expand_dn,12,is,348,-0.23366226423190162,-0.05806801362038236,240min
GBPUSD,expand_dn,12,oos,195,4.979836052431188,0.9828693490788747,240min
GBPUSD,expand_dn,24,is,348,-5.787334416954552,-1.0657681751900354,240min
GBPUSD,expand_dn,24,oos,194,7.558458662875358,1.1542947645863346,240min
GBPUSD,spike_dn,1,is,105,-1.1500963048568507,-0.4371932314696797,240min
GBPUSD,spike_dn,2,is,105,-1.7697164192372488,-0.5551465491972776,240min
GBPUSD,spike_dn,4,is,105,0.5034243043825486,0.124345041967438,240min
GBPUSD,spike_dn,8,is,105,-0.3922898331703485,-0.0675673716146094,240min
GBPUSD,spike_dn,12,is,105,-1.6392657125077246,-0.21243940972848066,240min
GBPUSD,spike_dn,24,is,105,-8.46411192105968,-0.7749956589833985,240min
GBPUSD,friday_pm,1,is,174,-0.7448828401605677,-0.7209035085207255,240min
GBPUSD,friday_pm,1,oos,104,-0.1941413586412919,-0.12387666492908339,240min
GBPUSD,friday_pm,2,is,174,-1.013903611355601,-1.012249016183,240min
GBPUSD,friday_pm,2,oos,104,-0.45181343656327927,-0.2594663186173627,240min
GBPUSD,friday_pm,4,is,174,-1.4950486020214389,-1.4926088235533441,240min
GBPUSD,friday_pm,4,oos,104,-0.46833291708275937,-0.2689530856078801,240min
GBPUSD,friday_pm,8,is,174,-2.8039729201983885,-2.0334225331506217,240min
GBPUSD,friday_pm,8,oos,104,-3.849420726828915,-1.5394311843522892,240min
GBPUSD,friday_pm,12,is,174,1.4207917587564944,0.36839184653449686,240min
GBPUSD,friday_pm,12,oos,104,8.88377836012334,2.3474216762707023,240min
GBPUSD,friday_pm,24,is,174,2.2987288014361353,0.3723756222774651,240min
GBPUSD,friday_pm,24,oos,102,11.84686577829876,1.5681363833065345,240min
GBPUSD,sunday_open,1,is,517,-0.3469554740563241,-1.129035046145378,240min
GBPUSD,sunday_open,1,oos,312,-1.1463849483849498,-1.7014253193991606,240min
GBPUSD,sunday_open,2,is,517,-0.2953616250952404,-0.5318552749656479,240min
GBPUSD,sunday_open,2,oos,312,-1.6582236929737526,-1.8072459864023025,240min
GBPUSD,sunday_open,4,is,517,0.41478932234336247,0.3624049097523113,240min
GBPUSD,sunday_open,4,oos,312,-0.7159290709292111,-0.5206645504534687,240min
GBPUSD,sunday_open,8,is,517,3.0913732413437978,1.4125431192966196,240min
GBPUSD,sunday_open,8,oos,311,9.762511934560713,4.416104950264556,240min
GBPUSD,sunday_open,12,is,517,3.879399664668251,1.465436860666302,240min
GBPUSD,sunday_open,12,oos,307,8.95675662371627,2.8373208637982748,240min
GBPUSD,sunday_open,24,is,517,5.057598496182753,1.178275962104593,240min
GBPUSD,sunday_open,24,oos,306,4.507486693331184,0.8495755559456382,240min
AUDUSD,compress,1,is,668,0.3347298612266517,0.8965666776855834,240min
AUDUSD,compress,1,oos,394,0.1668165714890045,0.3014817797726431,240min
AUDUSD,compress,2,is,668,1.212947746405408,2.1699266851330585,240min
AUDUSD,compress,2,oos,394,0.3962080953891847,0.5291291849119533,240min
AUDUSD,compress,4,is,668,2.245057169457518,2.5760833975693354,240min
AUDUSD,compress,4,oos,394,1.906150195642962,1.7424845108065075,240min
AUDUSD,compress,8,is,668,1.1574216069889434,0.9651328171307504,240min
AUDUSD,compress,8,oos,392,3.552244711753252,2.273705440438303,240min
AUDUSD,compress,12,is,668,0.07815600456905326,0.051572261121487384,240min
AUDUSD,compress,12,oos,390,6.479679688127885,3.0361652241631063,240min
AUDUSD,compress,24,is,668,2.196656974842083,0.8991968464897069,240min
AUDUSD,compress,24,oos,390,6.384517511930709,2.011600888434555,240min
AUDUSD,expand_up,1,is,321,-0.516123805272069,-0.6108905521804252,240min
AUDUSD,expand_up,1,oos,232,0.450357399425319,0.46018363640338444,240min
AUDUSD,expand_up,2,is,321,-0.16807315571558895,-0.14949164801477255,240min
AUDUSD,expand_up,2,oos,232,1.0689610272988952,0.8168666013952315,240min
AUDUSD,expand_up,4,is,321,-0.8570185855744834,-0.5137864936297941,240min
AUDUSD,expand_up,4,oos,232,3.3703349497126527,1.9881313063315833,240min
AUDUSD,expand_up,8,is,321,-2.0100131496659293,-0.7520805346618505,240min
AUDUSD,expand_up,8,oos,232,2.876972016468283,1.1029237828618477,240min
AUDUSD,expand_up,12,is,321,-1.5150617654982552,-0.4936555829138453,240min
AUDUSD,expand_up,12,oos,232,2.5449582027168276,0.7927495911846099,240min
AUDUSD,expand_up,24,is,321,-3.1402083132732725,-0.7929407396480753,240min
AUDUSD,expand_up,24,oos,232,-5.929335273215076,-1.4212915341425942,240min
AUDUSD,expand_dn,1,is,366,-0.18365100000174062,-0.24405087185885618,240min
AUDUSD,expand_dn,1,oos,193,1.0468164399826865,0.9061158614407937,240min
AUDUSD,expand_dn,2,is,366,-1.034378502735651,-0.910538549468489,240min
AUDUSD,expand_dn,2,oos,193,1.7068942951208845,1.2299359136048034,240min
AUDUSD,expand_dn,4,is,366,1.199002557370222,0.778702491803878,240min
AUDUSD,expand_dn,4,oos,193,1.5302710762089835,0.7965323915499773,240min
AUDUSD,expand_dn,8,is,366,0.26666705052810413,0.1295700655184954,240min
AUDUSD,expand_dn,8,oos,193,2.557053980020218,0.8847913106262567,240min
AUDUSD,expand_dn,12,is,366,1.9432217746681737,0.7417671508353436,240min
AUDUSD,expand_dn,12,oos,193,2.3945740683591543,0.7328578974857964,240min
AUDUSD,expand_dn,24,is,366,1.2661830865531112,0.3542965805416763,240min
AUDUSD,expand_dn,24,oos,192,-2.326111494479477,-0.5637706385520083,240min
AUDUSD,friday_pm,1,is,174,-0.9248277476934561,-1.3443303643029971,240min
AUDUSD,friday_pm,1,oos,104,-1.0018309294870915,-1.2066685907515569,240min
AUDUSD,friday_pm,2,is,174,-1.2775290586053192,-1.9149282930330613,240min
AUDUSD,friday_pm,2,oos,104,-1.6102664262819424,-1.8057136182366706,240min
AUDUSD,friday_pm,4,is,174,-1.0381040942220727,-1.5561990355689008,240min
AUDUSD,friday_pm,4,oos,104,-2.2485476762819423,-2.5214666927457974,240min
AUDUSD,friday_pm,8,is,174,-0.44556208080794557,-0.453353252476731,240min
AUDUSD,friday_pm,8,oos,104,-4.9130810339295055,-3.150631000083738,240min
AUDUSD,friday_pm,12,is,174,2.2550504914572653,0.9826296207012466,240min
AUDUSD,friday_pm,12,oos,104,1.893333534281943,0.7161444302167577,240min
AUDUSD,friday_pm,24,is,174,-0.5325544299346736,-0.13588519420247208,240min
AUDUSD,friday_pm,24,oos,102,10.68193078493232,1.9239025128973535,240min
AUDUSD,sunday_open,1,is,511,0.1962988465436912,0.8258531717861037,240min
AUDUSD,sunday_open,1,oos,312,-0.7850040064102707,-1.7313646892822798,240min
AUDUSD,sunday_open,2,is,511,0.7972943662772091,1.8458658062095479,240min
AUDUSD,sunday_open,2,oos,312,-0.8285356570513078,-1.345248958980144,240min
AUDUSD,sunday_open,4,is,511,1.8794223920455915,2.4984770186255316,240min
AUDUSD,sunday_open,4,oos,312,0.12901642628202198,0.13238836982650035,240min
AUDUSD,sunday_open,8,is,511,3.194557023045277,2.50065416271998,240min
AUDUSD,sunday_open,8,oos,311,4.420688753357054,2.886093495624893,240min
AUDUSD,sunday_open,12,is,511,1.2868424477296916,0.8244963782192583,240min
AUDUSD,sunday_open,12,oos,307,4.895385025136146,2.2883186211323716,240min
AUDUSD,sunday_open,24,is,511,3.672086009141366,1.3505503043070803,240min
AUDUSD,sunday_open,24,oos,306,7.695983072513916,2.220686012646383,240min
USDJPY,compress,1,is,686,-0.35054376715573543,-0.3216255285304732,240min
USDJPY,compress,1,oos,417,0.7090387065347932,0.6401196186012855,240min
USDJPY,compress,2,is,686,-1.7378951144864199,-1.0831566160789508,240min
USDJPY,compress,2,oos,417,1.449250974220666,0.871608850988082,240min
USDJPY,compress,4,is,686,-1.7022479549203122,-0.7018570991218974,240min
USDJPY,compress,4,oos,417,2.477462155275814,1.04004993496268,240min
USDJPY,compress,8,is,686,2.1724085678363694,0.6223869438826006,240min
USDJPY,compress,8,oos,415,5.399479377363544,1.6025094029186266,240min
USDJPY,compress,12,is,686,5.291783623396857,1.2497089610012055,240min
USDJPY,compress,12,oos,413,3.915276312427146,0.8958659879887367,240min
USDJPY,compress,24,is,686,2.7970168323352103,0.4108161515921312,240min
USDJPY,compress,24,oos,413,7.93211345009583,1.1467361769369893,240min
USDJPY,expand_up,1,is,335,1.9960120833294115,0.8786207547907149,240min
USDJPY,expand_up,1,oos,193,2.6757252536701728,1.43408048838686,240min
USDJPY,expand_up,2,is,335,5.684412226360317,1.7889665331597941,240min
USDJPY,expand_up,2,oos,193,4.03255262305706,1.5894587714871253,240min
USDJPY,expand_up,4,is,335,5.743152810929708,1.3246493072685086,240min
USDJPY,expand_up,4,oos,193,7.718031357944623,2.2934611605734627,240min
USDJPY,expand_up,8,is,335,5.561466485246409,0.9143429883923959,240min
USDJPY,expand_up,8,oos,193,4.469560530993501,0.7810293037823847,240min
USDJPY,expand_up,12,is,335,-0.20349747838293147,-0.028667327024782828,240min
USDJPY,expand_up,12,oos,193,0.6346223084876795,0.08826692961551698,240min
USDJPY,expand_up,24,is,335,0.4116782918016059,0.04168906837651563,240min
USDJPY,expand_up,24,oos,192,-3.8988244282334015,-0.3565467971050342,240min
USDJPY,expand_dn,1,is,351,2.4041678855150144,1.0751884749529972,240min
USDJPY,expand_dn,1,oos,221,-3.674053190987793,-1.2405228190201865,240min
USDJPY,expand_dn,2,is,351,3.203634916329451,1.0501659068578224,240min
USDJPY,expand_dn,2,oos,221,-3.164357324660523,-0.9144382638717407,240min
USDJPY,expand_dn,4,is,351,6.379634505023459,1.4154895409037727,240min
USDJPY,expand_dn,4,oos,221,-4.4628890931371465,-1.0401721152650227,240min
USDJPY,expand_dn,8,is,351,6.838407421590357,1.1904790946401134,240min
USDJPY,expand_dn,8,oos,221,-0.3180417478613569,-0.05174361526315445,240min
USDJPY,expand_dn,12,is,351,7.966339660708154,1.0941537097653529,240min
USDJPY,expand_dn,12,oos,221,-6.191599762644284,-0.7461712440875256,240min
USDJPY,expand_dn,24,is,351,-11.661278292796535,-1.2072824151333033,240min
USDJPY,expand_dn,24,oos,221,-1.1086554519889151,-0.10737027022041933,240min
USDJPY,spike_up,1,is,107,1.0876636386369796,0.2045929968888518,240min
USDJPY,spike_up,2,is,107,0.07112166979759131,0.010213706287209579,240min
USDJPY,spike_up,4,is,107,-3.536261333302413,-0.3975822585725117,240min
USDJPY,spike_up,8,is,107,-10.858760882587212,-0.9243643856780961,240min
USDJPY,spike_up,12,is,107,-23.380674211539393,-1.6818257933018241,240min
USDJPY,spike_up,24,is,107,-29.428876876283113,-1.4359263560965443,240min
USDJPY,friday_pm,1,is,174,1.6653035569956434,1.0802286612980831,240min
USDJPY,friday_pm,1,oos,104,-0.4850260416665964,-0.15447100593396176,240min
USDJPY,friday_pm,2,is,174,2.619112861117723,1.7408265245996004,240min
USDJPY,friday_pm,2,oos,104,-2.572728365384644,-0.6799399421421225,240min
USDJPY,friday_pm,4,is,174,2.2439728486721733,1.4914849655553895,240min
USDJPY,friday_pm,4,oos,104,-3.7753325320513085,-0.9977731881641738,240min
USDJPY,friday_pm,8,is,174,1.660349655601539,0.7036247664885891,240min
USDJPY,friday_pm,8,oos,104,-0.7410338293094039,-0.15895480226773362,240min
USDJPY,friday_pm,12,is,174,-0.005784320036707805,-0.0008703574794848462,240min
USDJPY,friday_pm,12,oos,104,-4.439789807893134,-0.5230544767563413,240min
USDJPY,friday_pm,24,is,174,15.13892310223231,1.3678778037084307,240min
USDJPY,friday_pm,24,oos,102,0.22686491000190506,0.015724166805089184,240min
USDJPY,sunday_open,1,is,517,-0.14153518997522566,-0.23170877947226823,240min
USDJPY,sunday_open,1,oos,312,1.1494290865384618,1.1558064655020777,240min
USDJPY,sunday_open,2,is,517,-1.2051206700858634,-1.0690546699399197,240min
USDJPY,sunday_open,2,oos,312,1.171021634615373,0.6961219962388571,240min
USDJPY,sunday_open,4,is,517,-3.9272626167675013,-1.6887849695712174,240min
USDJPY,sunday_open,4,oos,312,1.253834134615389,0.46929051886654144,240min
USDJPY,sunday_open,8,is,517,-0.4190774103627101,-0.1148136739216198,240min
USDJPY,sunday_open,8,oos,311,1.538589903067537,0.3863148741065019,240min
USDJPY,sunday_open,12,is,517,4.894101182086434,1.145301006627085,240min
USDJPY,sunday_open,12,oos,307,4.336607085116013,0.8215475201980127,240min
USDJPY,sunday_open,24,is,517,1.2966622693991832,0.1687777507244885,240min
USDJPY,sunday_open,24,oos,306,9.736015236799135,1.1148807407308214,240min
